2085531588,https://photos.zillowstatic.com/p_e/ISyr3dtbuqcoh11000000000.jpg
1001553955,https://photos.zillowstatic.com/p_e/ISus9fi7dav5870000000000.jpg
1001483623,https://photos.zillowstatic.com/p_e/ISyng4knw6wmtx1000000000.jpg
40.742684--74.036362,https://photos.zillowstatic.com/p_e/IS23jrglyfdqd31000000000.jpg
55346586,https://photos.zillowstatic.com/p_e/ISivf0d8yxr5t71000000000.jpg
2085534272,https://photos.zillowstatic.com/p_e/ISmysz0shi0dy00000000000.jpg
40.740276--74.037096,https://photos.zillowstatic.com/p_e/IS62xgi8o8y7iw0000000000.jpg
88858920,https://photos.zillowstatic.com/p_e/ISynk7x6s50uew0000000000.jpg
40.749122--74.027009,https://photos.zillowstatic.com/p_e/IS2zzl0d80pbs71000000000.jpg
2085536465,https://photos.zillowstatic.com/p_e/ISyzpvszilxhd00000000000.jpg
2085537004,https://photos.zillowstatic.com/p_e/ISaxbgxrxzjqu50000000000.jpg
2107336291,https://photos.zillowstatic.com/p_e/ISyrvmz8txmgc40000000000.jpg
40.739702--74.03137,https://photos.zillowstatic.com/p_e/ISme58knq170x10000000000.jpg
2085538044,https://photos.zillowstatic.com/p_e/IS27yp8ncc05zl0000000000.jpg
2085539514,https://photos.zillowstatic.com/p_e/ISib8di82c3wrv0000000000.jpg
38882766,https://photos.zillowstatic.com/p_e/ISi3m6crj33pr41000000000.jpg
40.740615--74.027145,https://photos.zillowstatic.com/p_e/ISe0x9in60sekf0000000000.jpg
2085541819,https://photos.zillowstatic.com/p_e/IS2z740v632x540000000000.jpg
40.742468--74.029663,https://photos.zillowstatic.com/p_e/ISql5k4wiwb3xc1000000000.jpg
40.748402--74.02721,https://photos.zillowstatic.com/p_e/ISekoofnwdmw510000000000.jpg
40.746244--74.028884,https://photos.zillowstatic.com/p_e/ISm2sl4inggplc0000000000.jpg
1001780202,https://photos.zillowstatic.com/p_e/ISmu5z5wds78v60000000000.jpg
1001487202,https://photos.zillowstatic.com/p_e/IS6m8bxrvirhya1000000000.jpg
38883561,https://photos.zillowstatic.com/p_e/ISu8yoagjavwht0000000000.jpg
2085545595,https://photos.zillowstatic.com/p_e/IS6qbklsaf90nc1000000000.jpg
1001485871,https://photos.zillowstatic.com/p_e/IS6mgxf785lcqi0000000000.jpg
2103080639,https://photos.zillowstatic.com/p_e/IS6mg5yyrrbwn80000000000.jpg
1002217947,https://photos.zillowstatic.com/p_e/ISa957nwveemfz0000000000.jpg
1001487280,https://photos.zillowstatic.com/p_e/ISije7419256n51000000000.jpg
2085547622,https://photos.zillowstatic.com/p_e/ISyj1a35gplpzp1000000000.jpg
2085547621,https://photos.zillowstatic.com/p_e/IS6q3mlbkxtmzp1000000000.jpg
1001479030,https://photos.zillowstatic.com/p_e/ISq5xqvxjcudep0000000000.jpg
1108704174,https://photos.zillowstatic.com/p_e/ISahrtd45vi5hm0000000000.jpg
1001550801,https://photos.zillowstatic.com/p_e/ISm6bzu3po3vgn1000000000.jpg
40.750138--74.024958,https://photos.zillowstatic.com/p_e/IS2b9xw4ej8u2h0000000000.jpg
1001716864,https://photos.zillowstatic.com/p_e/ISmux8kzm1j8ek1000000000.jpg
1001483183,https://photos.zillowstatic.com/p_e/IS66ocos3bci1e1000000000.jpg
1001447466,https://photos.zillowstatic.com/p_e/ISmai754zp44nq1000000000.jpg
1001549480,https://photos.zillowstatic.com/p_e/ISmywmdkzktrjc1000000000.jpg
2104556716,https://photos.zillowstatic.com/p_e/ISu8utf40dqtlg0000000000.jpg
2085551581,https://photos.zillowstatic.com/p_e/IS6mwlh1lv87111000000000.jpg
1150579413,https://photos.zillowstatic.com/p_e/ISy352vy7nl37x0000000000.jpg
40.747043--74.02717,https://photos.zillowstatic.com/p_e/ISib0nky816o760000000000.jpg
2085552074,https://photos.zillowstatic.com/p_e/ISeglzytfrstbr1000000000.jpg
2085553205,https://photos.zillowstatic.com/p_e/ISahzbxpjum6fd1000000000.jpg
2085553837,https://photos.zillowstatic.com/p_e/ISqtvl55578nia0000000000.jpg
2112604650,https://photos.zillowstatic.com/p_e/ISe4wri83oyv061000000000.jpg
2100140760,https://photos.zillowstatic.com/p_e/ISybr469tzn7q30000000000.jpg
2097537432,https://photos.zillowstatic.com/p_e/IS6msik6zoh5uj0000000000.jpg
1001546810,https://photos.zillowstatic.com/p_e/ISij22c62o37i91000000000.jpg
38882954,https://photos.zillowstatic.com/p_e/ISqhinoyuwiupr0000000000.jpg
2085555280,https://photos.zillowstatic.com/p_e/IS6ar9fnuqhp920000000000.jpg
2095152804,https://photos.zillowstatic.com/p_e/ISynkziqvvgw9e1000000000.jpg
68300625,https://photos.zillowstatic.com/p_e/ISeg921085xj1v1000000000.jpg
2125023194,https://photos.zillowstatic.com/p_e/ISe48p0i4rp0xu0000000000.jpg
1001482985,https://photos.zillowstatic.com/p_e/ISyf6nlio7kbmx1000000000.jpg
2100055720,https://photos.zillowstatic.com/p_e/ISyjpctht4h1061000000000.jpg
2085558644,https://photos.zillowstatic.com/p_e/ISmmr21x4saq4y0000000000.jpg
2085558977,https://photos.zillowstatic.com/p_e/IS27i9hqui05mb0000000000.jpg
2085559303,https://photos.zillowstatic.com/p_e/IS660aal6vd0mu0000000000.jpg
2094916971,https://photos.zillowstatic.com/p_e/IS2z399avobn1t1000000000.jpg
1001551898,https://photos.zillowstatic.com/p_e/IS6ilistxmeway0000000000.jpg
2282583618,https://photos.zillowstatic.com/p_e/ISmuhw3ijljul90000000000.jpg
1014220459,https://photos.zillowstatic.com/p_e/ISib8dmno4rmd00000000000.jpg
1001553002,https://photos.zillowstatic.com/p_e/IS2jv3z2zz9pkk1000000000.jpg
1001653661,https://photos.zillowstatic.com/p_e/IS6ytbdlvqpdyl0000000000.jpg
2085568755,https://photos.zillowstatic.com/p_e/ISes607pf08oij1000000000.jpg
55346559,https://photos.zillowstatic.com/p_e/ISqdfyzizpfbas1000000000.jpg
38882906,https://photos.zillowstatic.com/p_e/ISm6zx9xom3p1k0000000000.jpg
2085571793,https://photos.zillowstatic.com/p_e/ISegp6bzee2u3m0000000000.jpg
2085571896,https://photos.zillowstatic.com/p_e/ISu8m7hogevu6a1000000000.jpg
92208575,https://photos.zillowstatic.com/p_e/ISyfioa4b0u6qa0000000000.jpg
2085572210,https://photos.zillowstatic.com/p_e/ISmaijun8kvowr1000000000.jpg
2086190796,https://photos.zillowstatic.com/p_e/ISy3d8ldcz2hth0000000000.jpg
2085572279,https://photos.zillowstatic.com/p_e/ISm63hjow2fago0000000000.jpg
2085572306,https://photos.zillowstatic.com/p_e/IS2n208aokye5d0000000000.jpg
2085572363,https://photos.zillowstatic.com/p_e/IS27214yvekqxd1000000000.jpg
2085572386,https://photos.zillowstatic.com/p_e/ISmickh09zjua71000000000.jpg
2085572428,https://photos.zillowstatic.com/p_e/ISivjzmmw1ctlq0000000000.jpg
40.742435--74.037398,https://photos.zillowstatic.com/p_e/ISqllcpj2qj4dg0000000000.jpg
2138749187,https://photos.zillowstatic.com/p_e/ISqh6mzgjlfh350000000000.jpg
2085578524,https://photos.zillowstatic.com/p_e/ISi36mt624iuvw0000000000.jpg
2085578552,https://photos.zillowstatic.com/p_e/ISyn8m8o8dacfi0000000000.jpg
2090513594,https://photos.zillowstatic.com/p_e/ISq5t7yj214s5n1000000000.jpg
2085579441,https://photos.zillowstatic.com/p_e/ISq5597xr5hkg01000000000.jpg
2099795216,https://photos.zillowstatic.com/p_e/ISaxroagdekfgy0000000000.jpg
2085582289,https://photos.zillowstatic.com/p_e/ISmq2ifwfnkm5n1000000000.jpg
2085584023,https://photos.zillowstatic.com/p_e/ISy31zpl2v39ps1000000000.jpg
2095341564,https://photos.zillowstatic.com/p_e/ISu8q20b00d5ej0000000000.jpg
2085587334,https://photos.zillowstatic.com/p_e/ISq16z05kcthpi1000000000.jpg
2098930573,https://photos.zillowstatic.com/p_e/IS2zb79bhqsi5e0000000000.jpg
2085988802,https://photos.zillowstatic.com/p_e/ISesqbdt6c88i90000000000.jpg
38882777,https://photos.zillowstatic.com/p_e/IS6a379qaupbc20000000000.jpg
2095884716,https://photos.zillowstatic.com/p_e/ISu8aq78so5vls1000000000.jpg
2088994723,https://photos.zillowstatic.com/p_e/ISush11j20d6530000000000.jpg
38882458,https://photos.zillowstatic.com/p_e/ISyvi3nd3201sx0000000000.jpg
2098115261,https://photos.zillowstatic.com/p_e/IS2fc2m3xkojoc1000000000.jpg
1004962240,None
1004191563,https://photos.zillowstatic.com/p_e/ISi75030o8zzh90000000000.jpg
40.751371--74.026916,https://photos.zillowstatic.com/p_e/ISqpcgllzij02v1000000000.jpg
2095106669,https://photos.zillowstatic.com/p_e/ISuggc7a5sz1391000000000.jpg
2085598952,https://photos.zillowstatic.com/p_e/ISes64qag7nl910000000000.jpg
88858188,https://photos.zillowstatic.com/p_e/ISin14grkk571b0000000000.jpg
2128621219,https://photos.zillowstatic.com/p_e/ISuww3whzofu9h0000000000.jpg
72243215,https://photos.zillowstatic.com/p_e/ISi79by60za3ek0000000000.jpg
66466282,https://photos.zillowstatic.com/p_e/IS6qfbhqcnzudk0000000000.jpg
1004240007,https://photos.zillowstatic.com/p_e/IS23zfeo3xnr9h0000000000.jpg
2105407614,https://photos.zillowstatic.com/p_e/ISma62hgc15gh60000000000.jpg
40.754284--74.025871,https://photos.zillowstatic.com/p_e/IS2b1v9ncnymgf0000000000.jpg
2098091549,https://photos.zillowstatic.com/p_e/ISuwwvditxtf010000000000.jpg
2085615987,https://photos.zillowstatic.com/p_e/ISmulzw5h178cz0000000000.jpg
68302250,https://photos.zillowstatic.com/p_e/ISqtnbomgihv5g0000000000.jpg
2096737823,https://photos.zillowstatic.com/p_e/ISyrfui8ee58tr1000000000.jpg
38886143,https://photos.zillowstatic.com/p_e/IS62h4qtarij4f1000000000.jpg
2110568800,https://photos.zillowstatic.com/p_e/ISugoueqzukum90000000000.jpg
2085625482,https://photos.zillowstatic.com/p_e/IS66we7nw5sksn0000000000.jpg
2085625524,https://photos.zillowstatic.com/p_e/IS668001njc6aa0000000000.jpg
2085625527,https://photos.zillowstatic.com/p_e/ISi7xpp8fv0tz20000000000.jpg
2085625712,https://photos.zillowstatic.com/p_e/ISegtl9b8dntcb0000000000.jpg
2085626269,https://photos.zillowstatic.com/p_e/ISy3tog16pjgsw0000000000.jpg
2085626412,https://photos.zillowstatic.com/p_e/ISap9lpwexyu351000000000.jpg
2139060340,https://photos.zillowstatic.com/p_e/IS6ixnw5ebaxxj0000000000.jpg
38885287,https://photos.zillowstatic.com/p_e/ISivjze0mayr8f1000000000.jpg
2085632490,None
2109039300,https://photos.zillowstatic.com/p_e/ISu8eppg78jvza1000000000.jpg
2088274906,https://photos.zillowstatic.com/p_e/ISapd8e2zp20pz0000000000.jpg
2085632646,None
1006768066,https://photos.zillowstatic.com/p_e/IS2bp5yn1ze6r70000000000.jpg
2085638170,https://photos.zillowstatic.com/p_e/IS621c9p0td9sn1000000000.jpg
2085638213,https://photos.zillowstatic.com/p_e/IS233vcsyjpv0y0000000000.jpg
2085638253,https://photos.zillowstatic.com/p_e/ISy3x7u7gytd2p0000000000.jpg
2085638316,https://photos.zillowstatic.com/p_e/ISmuh814sqdmq90000000000.jpg
2085638410,https://photos.zillowstatic.com/p_e/ISy35qdpvty3jd1000000000.jpg
2085638492,https://photos.zillowstatic.com/p_e/ISma6i9hgez1rl0000000000.jpg
2085638825,https://photos.zillowstatic.com/p_e/IS2z3dgu2tye0t1000000000.jpg
2085638899,https://photos.zillowstatic.com/p_e/IS6i5u6kzb4lu81000000000.jpg
2085639013,https://photos.zillowstatic.com/p_e/ISu86j70blajme0000000000.jpg
2085639160,https://photos.zillowstatic.com/p_e/ISe0pnz7mz56dn1000000000.jpg
66466308,https://photos.zillowstatic.com/p_e/ISmamexhz1dszp1000000000.jpg
2085640130,https://photos.zillowstatic.com/p_e/IS6umvsjvlzyu81000000000.jpg
38882265,https://photos.zillowstatic.com/p_e/IS6eu62voc1k3n0000000000.jpg
2114886647,https://photos.zillowstatic.com/p_e/ISinpu049st53a1000000000.jpg
40.751355--74.025316,https://photos.zillowstatic.com/p_e/ISql93qcioartw1000000000.jpg
2085648054,https://photos.zillowstatic.com/p_e/IS66gaxb46oh2q0000000000.jpg
2086614669,https://photos.zillowstatic.com/p_e/ISi3y754isp4v31000000000.jpg
2085653082,https://photos.zillowstatic.com/p_e/ISy78ztj88vxea1000000000.jpg
2085653255,https://photos.zillowstatic.com/p_e/ISa1f5e5evjmtz0000000000.jpg
2087716392,https://photos.zillowstatic.com/p_e/IS6azbmktg6evk1000000000.jpg
2085654441,https://photos.zillowstatic.com/p_e/ISmi8lbht36t430000000000.jpg
2098777383,https://photos.zillowstatic.com/p_e/ISa1f9tzuxrgpu1000000000.jpg
2102493917,https://photos.zillowstatic.com/p_e/ISe8nvqfs5qopj0000000000.jpg
2085657446,https://photos.zillowstatic.com/p_e/ISqlpf2z2819vk1000000000.jpg
2085658786,https://photos.zillowstatic.com/p_e/ISyn4v4gxg8l611000000000.jpg
2085658853,https://photos.zillowstatic.com/p_e/IS2fwdsvyurs4d0000000000.jpg
2085658887,https://photos.zillowstatic.com/p_e/ISizemok2yhezp1000000000.jpg
2085659030,https://photos.zillowstatic.com/p_e/IS2rxqst2g0slh0000000000.jpg
2085659248,https://photos.zillowstatic.com/p_e/IS6qrg9throqbt0000000000.jpg
2085660656,https://photos.zillowstatic.com/p_e/ISa99as1bt5gjr1000000000.jpg
2085662576,https://photos.zillowstatic.com/p_e/IS2f05g7yx1a0r1000000000.jpg
2100862543,https://photos.zillowstatic.com/p_e/ISmuhs4kmedang0000000000.jpg
2085666795,https://photos.zillowstatic.com/p_e/ISadgyilffvfoo1000000000.jpg
2113217174,https://photos.zillowstatic.com/p_e/ISinp6yd8gp7to1000000000.jpg
1004292931,https://photos.zillowstatic.com/p_e/ISm2g0o13xqel20000000000.jpg
2085672944,https://photos.zillowstatic.com/p_e/ISecimrbnggw4w0000000000.jpg
2005956757,https://photos.zillowstatic.com/p_e/ISqxq8vdfkyf0c1000000000.jpg
2085673296,https://photos.zillowstatic.com/p_e/ISyz5op486pdjr0000000000.jpg
2099110314,https://photos.zillowstatic.com/p_e/IS23blu585jwpo1000000000.jpg
2103048250,https://photos.zillowstatic.com/p_e/ISeofs72ltl37d1000000000.jpg
38883029,https://photos.zillowstatic.com/p_e/ISmaivn2pnqt210000000000.jpg
2094308700,https://photos.zillowstatic.com/p_e/IS2rxmxi6a1cn20000000000.jpg
38883363,https://photos.zillowstatic.com/p_e/ISib0vi2lyib620000000000.jpg
2085685181,https://photos.zillowstatic.com/p_e/ISizab5jyw1na01000000000.jpg
2108489297,None
2103510447,https://photos.zillowstatic.com/p_e/ISalanwut7bgio0000000000.jpg
38886944,https://photos.zillowstatic.com/p_e/IS66okqbu6oedi1000000000.jpg
2134431462,https://photos.zillowstatic.com/p_e/ISmmn3zgiaka4h1000000000.jpg
2092527025,https://photos.zillowstatic.com/p_e/ISin1ksjr30kuu0000000000.jpg
68300607,https://photos.zillowstatic.com/p_e/IS2j7xt371l7xg1000000000.jpg
2085692843,https://photos.zillowstatic.com/p_e/IS6ipxyblv5y0y1000000000.jpg
2085698630,https://photos.zillowstatic.com/p_e/ISmayjpoba932i1000000000.jpg
2085698721,https://photos.zillowstatic.com/p_e/ISukzxfzfqmki50000000000.jpg
2085698790,https://photos.zillowstatic.com/p_e/IS2jfv99b212qb1000000000.jpg
2085699061,https://photos.zillowstatic.com/p_e/ISij6tfu96a3zm0000000000.jpg
2085699358,None
67078058,https://photos.zillowstatic.com/p_e/ISi3ugljyot5yx0000000000.jpg
38885292,https://photos.zillowstatic.com/p_e/ISad4lcml0jbr40000000000.jpg
1011083587,https://photos.zillowstatic.com/p_e/IS6m0t15gg7ewu1000000000.jpg
2085706773,https://photos.zillowstatic.com/p_e/ISeozze0p2q6na0000000000.jpg
2109564016,https://photos.zillowstatic.com/p_e/ISeor1frw2gyoi0000000000.jpg
40.750007--74.025352,https://photos.zillowstatic.com/p_e/ISadcjgiaeaih80000000000.jpg
2085712763,https://photos.zillowstatic.com/p_e/ISivn6jbgnmale1000000000.jpg
2085713028,https://photos.zillowstatic.com/p_e/ISqxyy4hrcaufh1000000000.jpg
2100073683,https://photos.zillowstatic.com/p_e/IS6y9s4yp4e5621000000000.jpg
2095664592,https://photos.zillowstatic.com/p_e/ISqtr2sa02xcaw1000000000.jpg
2085716561,https://photos.zillowstatic.com/p_e/ISa5mxz367xolh1000000000.jpg
2085718252,https://photos.zillowstatic.com/p_e/ISe4gbj1cwxsjq1000000000.jpg
2097243178,https://photos.zillowstatic.com/p_e/ISibgbq70u7ari0000000000.jpg
2097243173,https://photos.zillowstatic.com/p_e/ISijyq0zatccrk0000000000.jpg
2107408302,https://photos.zillowstatic.com/p_e/ISm2867ercdfet1000000000.jpg
2085722360,https://photos.zillowstatic.com/p_e/IS2jj65g7oxm1i0000000000.jpg
2085723238,https://photos.zillowstatic.com/p_e/ISu8iw1q9s0btw0000000000.jpg
72245999,https://photos.zillowstatic.com/p_e/IS2jv3bkcptsyk0000000000.jpg
68303863,https://photos.zillowstatic.com/p_e/ISa5qk4m24h8mz0000000000.jpg
2085729869,https://photos.zillowstatic.com/p_e/ISinxco81y7qpn0000000000.jpg
2085733625,https://photos.zillowstatic.com/p_e/ISqtfdodw0vrve0000000000.jpg
2085733645,https://photos.zillowstatic.com/p_e/ISqhqpbgwath280000000000.jpg
38885117,https://photos.zillowstatic.com/p_e/ISqlx1luv92yla1000000000.jpg
2085734642,https://photos.zillowstatic.com/p_e/ISe09fi0xzgznw1000000000.jpg
38884858,https://photos.zillowstatic.com/p_e/ISq947g3fimo5z0000000000.jpg
2085735622,https://photos.zillowstatic.com/p_e/IS2zn432wa2gzl0000000000.jpg
2085735884,https://photos.zillowstatic.com/p_e/ISucpc6f96owlb0000000000.jpg
2085736165,https://photos.zillowstatic.com/p_e/IS2zvaxv6zfj2f1000000000.jpg
2085738281,None
2131425611,None
2105711114,https://photos.zillowstatic.com/p_e/ISynwws1pzxzjh1000000000.jpg
2093898926,https://photos.zillowstatic.com/p_e/ISuctfrgo4kejx0000000000.jpg
2085753033,https://photos.zillowstatic.com/p_e/ISusp7blm5eune0000000000.jpg
2101477983,https://photos.zillowstatic.com/p_e/ISqlxl8a3z5fui1000000000.jpg
40.745888--74.037713,https://photos.zillowstatic.com/p_e/ISqlxx19b5h6n20000000000.jpg
2103305293,https://photos.zillowstatic.com/p_e/IS6u2ke9m35y1l1000000000.jpg
2125684313,https://photos.zillowstatic.com/p_e/ISmio95lsxpfx00000000000.jpg
38883352,https://photos.zillowstatic.com/p_e/ISuoyb5h3nxt910000000000.jpg
1106406797,https://photos.zillowstatic.com/p_e/ISe4odudhsk4ot1000000000.jpg
65796476,https://photos.zillowstatic.com/p_e/ISeciyc0qfuwrb0000000000.jpg
2085770991,https://photos.zillowstatic.com/p_e/ISece3y42cye331000000000.jpg
2085772602,https://photos.zillowstatic.com/p_e/IS233nmifz3zi30000000000.jpg
2091420655,None
2085774817,https://photos.zillowstatic.com/p_e/ISq9w45vg4w4jb0000000000.jpg
72244120,https://photos.zillowstatic.com/p_e/ISivrx2ki5dh3d1000000000.jpg
40.74278--74.037355,https://photos.zillowstatic.com/p_e/IS2vgc5minqhdt1000000000.jpg
1011037996,https://photos.zillowstatic.com/p_e/ISa1bajxxmcl791000000000.jpg
2085778870,None
2087669759,https://photos.zillowstatic.com/p_e/ISadgu7iapci2r0000000000.jpg
2085781493,https://photos.zillowstatic.com/p_e/IS6i91vuy1r5k40000000000.jpg
2085782233,https://photos.zillowstatic.com/p_e/ISibkymz2mnqs00000000000.jpg
2085783479,https://photos.zillowstatic.com/p_e/ISeobx8vyp5wdo1000000000.jpg
2098961226,https://photos.zillowstatic.com/p_e/IS6il6bgmfukii1000000000.jpg
2096549545,https://photos.zillowstatic.com/p_e/ISugg80yj2lyv70000000000.jpg
2108435232,None
2119238498,https://photos.zillowstatic.com/p_e/IS2zbvz7n1lm8a1000000000.jpg
2085788263,https://photos.zillowstatic.com/p_e/ISa9t13c6pndmm1000000000.jpg
52962194,https://photos.zillowstatic.com/p_e/ISijmx1fdu78ih1000000000.jpg
2085789876,https://photos.zillowstatic.com/p_e/IS2n6z5zaj9vz71000000000.jpg
2085790075,https://photos.zillowstatic.com/p_e/ISq9shon8ml67l1000000000.jpg
1001933935,https://photos.zillowstatic.com/p_e/ISuk31loyk0con1000000000.jpg
38887585,https://photos.zillowstatic.com/p_e/ISmyoc8ruxwmuc0000000000.jpg
2085798462,https://photos.zillowstatic.com/p_e/ISugk72qzus1fg0000000000.jpg
2107388899,None
1002156324,https://photos.zillowstatic.com/p_e/ISu8i05zhez69m1000000000.jpg
2085804812,https://photos.zillowstatic.com/p_e/IS23fcyxmrsc4o0000000000.jpg
2085804913,https://photos.zillowstatic.com/p_e/IS6u28lislbbdc0000000000.jpg
102989335,https://photos.zillowstatic.com/p_e/ISm6z9r69g1obw1000000000.jpg
2106943179,https://photos.zillowstatic.com/p_e/ISmycz9yqruycb1000000000.jpg
2087052013,https://photos.zillowstatic.com/p_e/ISqdjpb9y82mo90000000000.jpg
2101016100,https://photos.zillowstatic.com/p_e/ISmutlj8ipdbcn0000000000.jpg
81775943,https://photos.zillowstatic.com/p_e/IS668087de93f70000000000.jpg
38885304,https://photos.zillowstatic.com/p_e/ISatk43umjirpw0000000000.jpg
2085826091,https://photos.zillowstatic.com/p_e/ISukncbozmdwej1000000000.jpg
2085826306,https://photos.zillowstatic.com/p_e/ISa1zslqkt69s70000000000.jpg
2367809079,https://photos.zillowstatic.com/p_e/ISusl4mczwagqe1000000000.jpg
2085827266,https://photos.zillowstatic.com/p_e/ISqpgfz6yo602x0000000000.jpg
2085827287,https://photos.zillowstatic.com/p_e/ISivv4nj21k3qs1000000000.jpg
2085827461,https://photos.zillowstatic.com/p_e/ISqltq15t7d8f40000000000.jpg
2085827642,https://photos.zillowstatic.com/p_e/ISiv3jz80t70v41000000000.jpg
2085831560,https://photos.zillowstatic.com/p_e/ISalqby0km53m71000000000.jpg
1010701951,https://photos.zillowstatic.com/p_e/IS2b918glo1n9d1000000000.jpg
2105138766,https://photos.zillowstatic.com/p_e/ISu0camnxcotfw1000000000.jpg
2085836660,https://photos.zillowstatic.com/p_e/ISi3mqjmg0z4ej0000000000.jpg
2085836866,https://photos.zillowstatic.com/p_e/ISmel40i7hxioo0000000000.jpg
2104345707,https://photos.zillowstatic.com/p_e/IS62xk511xpsns0000000000.jpg
2085837629,https://photos.zillowstatic.com/p_e/IS6ydre0rc4yv21000000000.jpg
2088477546,None
2099910884,None
2085844722,https://photos.zillowstatic.com/p_e/ISuwcwg9ef6aol0000000000.jpg
2108625972,https://photos.zillowstatic.com/p_e/ISqxi2th16tiko0000000000.jpg
2085846193,https://photos.zillowstatic.com/p_e/ISu8m3ejbnzx3q1000000000.jpg
2090831570,None
2114785803,https://photos.zillowstatic.com/p_e/ISmepj2pfl7a191000000000.jpg
38883668,https://photos.zillowstatic.com/p_e/ISadcrum5rl6ps0000000000.jpg
2085857495,https://photos.zillowstatic.com/p_e/IS6euivh7tc2yg0000000000.jpg
2095166540,https://photos.zillowstatic.com/p_e/ISqh6elsgji6ms0000000000.jpg
55346498,https://photos.zillowstatic.com/p_e/IS2zrnwwfa6ikq0000000000.jpg
2117741387,https://photos.zillowstatic.com/p_e/ISqpsgklg071b00000000000.jpg
38887155,https://photos.zillowstatic.com/p_e/IS660qa4e1pwqw1000000000.jpg
2106467012,https://photos.zillowstatic.com/p_e/ISqp8hzp75omif1000000000.jpg
2094248524,https://photos.zillowstatic.com/p_e/ISukz95bb6cxkz0000000000.jpg
38887543,https://photos.zillowstatic.com/p_e/IS2fwp91of5w861000000000.jpg
2085877508,https://photos.zillowstatic.com/p_e/ISaxzeg0w5ebd21000000000.jpg
68300689,https://photos.zillowstatic.com/p_e/ISi71xl9we9twd1000000000.jpg
2005952919,https://photos.zillowstatic.com/p_e/ISe8b6v04v7fua0000000000.jpg
38882400,https://photos.zillowstatic.com/p_e/ISalipjsbjo2l41000000000.jpg
2085892675,https://photos.zillowstatic.com/p_e/ISu00pd1e4uh6g1000000000.jpg
38884872,https://photos.zillowstatic.com/p_e/ISqp4qbqtipel20000000000.jpg
2117631411,https://photos.zillowstatic.com/p_e/ISug0kif95e4fd0000000000.jpg
2085909195,https://photos.zillowstatic.com/p_e/ISqh6u184cg3e20000000000.jpg
2093511469,https://photos.zillowstatic.com/p_e/ISinlngkt4mdg41000000000.jpg
2085914756,https://photos.zillowstatic.com/p_e/ISyvatd54g474j1000000000.jpg
2110737142,https://photos.zillowstatic.com/p_e/ISmy8gki5406p71000000000.jpg
108630230,https://photos.zillowstatic.com/p_e/IS23vslvyfxaj41000000000.jpg
2085927825,https://photos.zillowstatic.com/p_e/ISirkpogvsqy9b1000000000.jpg
40.744979--74.038603,https://photos.zillowstatic.com/p_e/ISybzq067qtjwz0000000000.jpg
68303957,https://photos.zillowstatic.com/p_e/ISqtbu6k19ofky0000000000.jpg
2101530072,https://photos.zillowstatic.com/p_e/ISa52ie5a6nzi91000000000.jpg
38884992,https://photos.zillowstatic.com/p_e/ISi7d6p7g3kqkg1000000000.jpg
38887417,https://photos.zillowstatic.com/p_e/ISizu6v7m9u5af1000000000.jpg
2102138406,https://photos.zillowstatic.com/p_e/ISale27wifxiy30000000000.jpg
2085933976,https://photos.zillowstatic.com/p_e/IS23bplp8hjprx1000000000.jpg
2109457039,https://photos.zillowstatic.com/p_e/ISifzkpdg6n0qp0000000000.jpg
2085937134,https://photos.zillowstatic.com/p_e/ISmi46d58l5alb1000000000.jpg
2085938191,https://photos.zillowstatic.com/p_e/ISecm5hfj4tzpw0000000000.jpg
2089272704,None
2085939432,https://photos.zillowstatic.com/p_e/ISq51667jxjikg0000000000.jpg
2085945030,https://photos.zillowstatic.com/p_e/ISq1mzj4qsuux90000000000.jpg
2118407907,https://photos.zillowstatic.com/p_e/ISapd8ei365xuj0000000000.jpg
38883377,https://photos.zillowstatic.com/p_e/ISuo2b32fkzfz80000000000.jpg
40.744931--74.034691,https://photos.zillowstatic.com/p_e/ISukfqgjfsspoa1000000000.jpg
2085969429,None
38885427,None
2110935735,https://photos.zillowstatic.com/p_e/ISm2s11ih6owtg0000000000.jpg
2106276707,https://photos.zillowstatic.com/p_e/ISeon2tz3v3sy90000000000.jpg
2103813070,https://photos.zillowstatic.com/p_e/IS6ix7ogsdi4u00000000000.jpg
38883316,https://photos.zillowstatic.com/p_e/IS2nmbavpmbing1000000000.jpg
40.738275--74.036472,None
2086008577,https://photos.zillowstatic.com/p_e/IS2r90op38nwoj1000000000.jpg
68303319,https://photos.zillowstatic.com/p_e/ISivblegg5jr0x1000000000.jpg
2097932176,https://photos.zillowstatic.com/p_e/ISqtnz2i5ws3d50000000000.jpg
2113756883,https://photos.zillowstatic.com/p_e/ISyjtfmhsrx7dh0000000000.jpg
2087871442,https://photos.zillowstatic.com/p_e/ISa99a04q49n7o1000000000.jpg
2087134811,https://photos.zillowstatic.com/p_e/ISmudl0tnxfplx0000000000.jpg
2108794894,https://photos.zillowstatic.com/p_e/IS6u6rq6jv20ip1000000000.jpg
2086020031,https://photos.zillowstatic.com/p_e/ISi3mypowr8xbu0000000000.jpg
2105432173,https://photos.zillowstatic.com/p_e/ISatwpb0iuddsj1000000000.jpg
2104181364,https://photos.zillowstatic.com/p_e/IS6afshkcg63ef1000000000.jpg
2095461914,https://photos.zillowstatic.com/p_e/ISivr1ezws22so1000000000.jpg
88858150,https://photos.zillowstatic.com/p_e/IS6eumq80jtzc90000000000.jpg
1002232894,https://photos.zillowstatic.com/p_e/ISme50i4gsgoem1000000000.jpg
2086655924,https://photos.zillowstatic.com/p_e/ISmikanoqibkhv1000000000.jpg
2091568306,https://photos.zillowstatic.com/p_e/ISynoi0sw5jxas1000000000.jpg
38883252,https://photos.zillowstatic.com/p_e/ISuc16xso6phzs1000000000.jpg
2086058171,https://photos.zillowstatic.com/p_e/ISyr780d13ma1c1000000000.jpg
2086065482,https://photos.zillowstatic.com/p_e/IS2fse2h13zi4z0000000000.jpg
2112283990,https://photos.zillowstatic.com/p_e/ISyfep02mfr97o1000000000.jpg
2086074705,https://photos.zillowstatic.com/p_e/IS2vwgvh5hrdju1000000000.jpg
2087112652,None
2086087937,https://photos.zillowstatic.com/p_e/ISm6jpsdqhor4p0000000000.jpg
40.738363--74.035195,https://photos.zillowstatic.com/p_e/ISmau8mbtugim30000000000.jpg
40.743028--74.035275,https://photos.zillowstatic.com/p_e/ISqtvxifvw0ago1000000000.jpg
40.740434--74.029622,https://photos.zillowstatic.com/p_e/ISq1u5e6zqnx5n1000000000.jpg
38883067,https://photos.zillowstatic.com/p_e/ISmikuy25niglr0000000000.jpg
2237728170,https://photos.zillowstatic.com/p_e/IS2zjllskjs7j60000000000.jpg
2086985178,https://photos.zillowstatic.com/p_e/IS2f4sg2iob9dl1000000000.jpg
2104560362,https://photos.zillowstatic.com/p_e/ISe4kqdubo5qd00000000000.jpg
162056496,https://photos.zillowstatic.com/p_e/IS621gw9r6so8h0000000000.jpg
2086129939,https://photos.zillowstatic.com/p_e/ISuggweh71hbh21000000000.jpg
40.743555--74.031175,https://photos.zillowstatic.com/p_e/ISaxnxy53voxqh0000000000.jpg
66466208,https://photos.zillowstatic.com/p_e/ISmu14rsbk4s6f0000000000.jpg
38882365,https://photos.zillowstatic.com/p_e/IS6eeywgursg6f1000000000.jpg
2094976697,https://photos.zillowstatic.com/p_e/ISqhugjfn81im81000000000.jpg
108635717,https://photos.zillowstatic.com/p_e/IS2rtriz33ejre0000000000.jpg
2096869464,https://photos.zillowstatic.com/p_e/ISybfj1mv4m1c30000000000.jpg
2096869464,https://photos.zillowstatic.com/p_e/ISybfj1mv4m1c30000000000.jpg
40.738628--74.028171,https://photos.zillowstatic.com/p_e/IS6i5aft05gl6m1000000000.jpg
2086173590,https://photos.zillowstatic.com/p_e/ISql5whm5sxqe11000000000.jpg
2107569838,https://photos.zillowstatic.com/p_e/ISap1rki2qcq161000000000.jpg
2086196544,https://photos.zillowstatic.com/p_e/ISuww7fvd316e70000000000.jpg
2096295714,https://photos.zillowstatic.com/p_e/ISyvahkqvalw6e0000000000.jpg
2120807699,https://photos.zillowstatic.com/p_e/ISq1m3bomz629e0000000000.jpg
82171395,https://photos.zillowstatic.com/p_e/ISeo3fhbo4ex1x0000000000.jpg
2086211814,https://photos.zillowstatic.com/p_e/ISucdzjrthh8ex1000000000.jpg
38883068,https://photos.zillowstatic.com/p_e/ISyv62uwxqxbl20000000000.jpg
2086235135,https://photos.zillowstatic.com/p_e/ISin5n92lz0bw60000000000.jpg
2086256249,https://photos.zillowstatic.com/p_e/IS6ihvjsbuvc160000000000.jpg
2086257627,https://photos.zillowstatic.com/p_e/ISintd2ttihck00000000000.jpg
2104605781,https://photos.zillowstatic.com/p_e/ISi3e025853f2b1000000000.jpg
2086259364,https://photos.zillowstatic.com/p_e/ISuwk666b2zdih0000000000.jpg
2086274762,https://photos.zillowstatic.com/p_e/IS6eqfubabj0sk1000000000.jpg
2112783020,https://photos.zillowstatic.com/p_e/ISizafoch57m7p0000000000.jpg
68303536,https://photos.zillowstatic.com/p_e/ISukzdocgpu17r1000000000.jpg
38885234,https://photos.zillowstatic.com/p_e/ISinhc1atbhmwu1000000000.jpg
2111572212,https://photos.zillowstatic.com/p_e/ISuwccljh1wjxp1000000000.jpg
2086298113,https://photos.zillowstatic.com/p_e/ISi71h9l44gsba0000000000.jpg
68014018,https://photos.zillowstatic.com/p_e/IS2bplefud19ps1000000000.jpg
2086309029,https://photos.zillowstatic.com/p_e/ISmi8t9lhuxo2s1000000000.jpg
40.754363--74.030208,https://photos.zillowstatic.com/p_e/ISmamys3d0yvq50000000000.jpg
2086313704,https://photos.zillowstatic.com/p_e/ISukn4ds592oyq0000000000.jpg
2086316036,https://photos.zillowstatic.com/p_e/IS6ixb7m8ue0f70000000000.jpg
2099722535,https://photos.zillowstatic.com/p_e/ISy3t8w2lsxz1m0000000000.jpg
2105690948,https://photos.zillowstatic.com/p_e/ISy3xb92p0f7360000000000.jpg
2105302276,https://photos.zillowstatic.com/p_e/ISq94bruuisnpq0000000000.jpg
2105457555,https://photos.zillowstatic.com/p_e/ISmyszs18f8cdl1000000000.jpg
2086351144,https://photos.zillowstatic.com/p_e/ISivni0xxqk5hp1000000000.jpg
2086355165,https://photos.zillowstatic.com/p_e/ISmyoo1expa2sb0000000000.jpg
2086357116,https://photos.zillowstatic.com/p_e/ISm20kc5spvu9n1000000000.jpg
2086727351,https://photos.zillowstatic.com/p_e/ISqxmhfww00dnt0000000000.jpg
2086364134,https://photos.zillowstatic.com/p_e/ISu0wh14ddyitb0000000000.jpg
2103557178,None
2086366659,https://photos.zillowstatic.com/p_e/ISmiw7xjfcdc230000000000.jpg
2107678654,https://photos.zillowstatic.com/p_e/ISyb3a2bsvxmyc0000000000.jpg
2089108413,https://photos.zillowstatic.com/p_e/ISyvah8tlt828h1000000000.jpg
38883887,https://photos.zillowstatic.com/p_e/IS2b1b6jbwahwx1000000000.jpg
40.742564--74.039332,https://photos.zillowstatic.com/p_e/ISq9shsiz0jnid0000000000.jpg
38886967,https://photos.zillowstatic.com/p_e/ISmextfcdn39ox0000000000.jpg
72242635,https://photos.zillowstatic.com/p_e/IS6q7lbechjok60000000000.jpg
2095813836,https://photos.zillowstatic.com/p_e/ISecuvishwqaou0000000000.jpg
2086700121,https://photos.zillowstatic.com/p_e/IS6ytrhfm8f55p0000000000.jpg
82170886,https://photos.zillowstatic.com/p_e/IS6m87m8yzn45r1000000000.jpg
2086447794,https://photos.zillowstatic.com/p_e/ISmys3c7ohfvkv1000000000.jpg
2092508710,https://photos.zillowstatic.com/p_e/ISeovsyz28v6o00000000000.jpg
38885125,https://photos.zillowstatic.com/p_e/ISyzdqgtd7jjdc0000000000.jpg
2113894672,https://photos.zillowstatic.com/p_e/IS66g66oofr4to0000000000.jpg
2086450084,https://photos.zillowstatic.com/p_e/IS2rxyyrbflasb0000000000.jpg
2086908102,https://photos.zillowstatic.com/p_e/IS2v82k0xrwxv21000000000.jpg
2086908039,https://photos.zillowstatic.com/p_e/ISu8mfr5zy0guj1000000000.jpg
2086908221,https://photos.zillowstatic.com/p_e/ISug8mdnc2pr7f1000000000.jpg
2086908024,https://photos.zillowstatic.com/p_e/ISuk3dmds739bq1000000000.jpg
2091490518,https://photos.zillowstatic.com/p_e/ISal2lp9886azd0000000000.jpg
2107393699,https://photos.zillowstatic.com/p_e/ISa9lb9t494dvt1000000000.jpg
68303368,https://photos.zillowstatic.com/p_e/ISegt5xue8u9xq1000000000.jpg
2088097520,https://photos.zillowstatic.com/p_e/IS2vkngdh7nun21000000000.jpg
2090494812,https://photos.zillowstatic.com/p_e/ISatcyg6iev82d1000000000.jpg
2086486653,https://photos.zillowstatic.com/p_e/IS2b5ubv4mxe331000000000.jpg
2086486914,https://photos.zillowstatic.com/p_e/IS6ydn358zi2bc1000000000.jpg
1008215683,https://photos.zillowstatic.com/p_e/ISeozvfmvpzf9k1000000000.jpg
2133910477,https://photos.zillowstatic.com/p_e/ISyrbny0wy510o1000000000.jpg
2103564886,https://photos.zillowstatic.com/p_e/ISmae0p7gkqhwx0000000000.jpg
2099534855,https://photos.zillowstatic.com/p_e/ISukn4t4a39y9l1000000000.jpg
2111962964,https://photos.zillowstatic.com/p_e/ISm67cuk619aiw1000000000.jpg
1001478540,https://photos.zillowstatic.com/p_e/IS6af4j14kaw6c1000000000.jpg
2092376941,https://photos.zillowstatic.com/p_e/ISatkkrbx1lrk41000000000.jpg
2088554650,https://photos.zillowstatic.com/p_e/ISato7kol3vv4o1000000000.jpg
2093673181,None
2111821219,https://photos.zillowstatic.com/p_e/ISusxl3ve9iv0g1000000000.jpg
2117086145,https://photos.zillowstatic.com/p_e/ISqt7b1okjfzs30000000000.jpg
2088407561,https://photos.zillowstatic.com/p_e/ISirk1a5qd0smp0000000000.jpg
2089968306,https://photos.zillowstatic.com/p_e/ISmud1h8npneh80000000000.jpg
2088692297,https://photos.zillowstatic.com/p_e/ISeghk4lj3mx200000000000.jpg
2086585634,https://photos.zillowstatic.com/p_e/IS2r120ig8s2i40000000000.jpg
2088312158,https://photos.zillowstatic.com/p_e/ISu0g5170cxlrm0000000000.jpg
38882697,https://photos.zillowstatic.com/p_e/ISu8qe5jfnp08d1000000000.jpg
40.743845--74.030368,https://photos.zillowstatic.com/p_e/ISmmjg2h92cpk21000000000.jpg
2086694911,https://photos.zillowstatic.com/p_e/ISqhyz05bmyqdj0000000000.jpg
2086695248,https://photos.zillowstatic.com/p_e/ISivrx6jsttvl00000000000.jpg
2086697943,https://photos.zillowstatic.com/p_e/ISm2sh9n31kcxq1000000000.jpg
92208428,https://photos.zillowstatic.com/p_e/ISa5m5axtlsyd30000000000.jpg
40.752736--74.026895,https://photos.zillowstatic.com/p_e/ISuchajhzav2aa0000000000.jpg
119607163,https://photos.zillowstatic.com/p_e/ISq5xu6xllpuru1000000000.jpg
38886332,https://photos.zillowstatic.com/p_e/ISmaado0z5dt0w0000000000.jpg
2086810152,https://photos.zillowstatic.com/p_e/ISewhvh0y5qr6s1000000000.jpg
2086828839,https://photos.zillowstatic.com/p_e/IS2ny41dk7rh1o1000000000.jpg
2086830008,https://photos.zillowstatic.com/p_e/ISu0koetebr8d20000000000.jpg
2089492850,https://photos.zillowstatic.com/p_e/ISalyt5h6ri89x0000000000.jpg
2086898344,https://photos.zillowstatic.com/p_e/IS27y90q8daggu1000000000.jpg
2086906145,https://photos.zillowstatic.com/p_e/IS2vsxt8lvptnw1000000000.jpg
2086907945,https://photos.zillowstatic.com/p_e/IS6u6ftwnu7ltl0000000000.jpg
2086907969,https://photos.zillowstatic.com/p_e/ISatwxl9qrlap60000000000.jpg
2086908152,https://photos.zillowstatic.com/p_e/IS6mg1nfeu7thy0000000000.jpg
2100921633,https://photos.zillowstatic.com/p_e/ISyrfyp0w7h22c0000000000.jpg
2086926581,https://photos.zillowstatic.com/p_e/ISal6sd47dtjrx1000000000.jpg
124180185,https://photos.zillowstatic.com/p_e/ISahf8dofapj1a0000000000.jpg
162063977,https://photos.zillowstatic.com/p_e/IS2na6qiexoqb11000000000.jpg
124180185,https://photos.zillowstatic.com/p_e/ISahf8dofapj1a0000000000.jpg
38886117,https://photos.zillowstatic.com/p_e/IS2rxaw9dwoehs0000000000.jpg
2087033644,https://photos.zillowstatic.com/p_e/ISi75g3fkbi9x20000000000.jpg
2087083220,https://photos.zillowstatic.com/p_e/ISugcpmjznhcjt1000000000.jpg
2087134883,https://photos.zillowstatic.com/p_e/ISu8ehfvdq3i7w1000000000.jpg
2111568325,https://photos.zillowstatic.com/p_e/ISq9wsrsw2vmo20000000000.jpg
2087209350,https://photos.zillowstatic.com/p_e/ISij2qqlisplah1000000000.jpg
2087219264,https://photos.zillowstatic.com/p_e/IS621ombcxrmts1000000000.jpg
2106641673,None
2087289524,https://photos.zillowstatic.com/p_e/IS27ytza81wwjw0000000000.jpg
38884860,https://photos.zillowstatic.com/p_e/IS6m4khifkj55x0000000000.jpg
2087320331,https://photos.zillowstatic.com/p_e/IS2zbvrlor0lc30000000000.jpg
2106719388,https://photos.zillowstatic.com/p_e/ISmquj7hhw12o30000000000.jpg
38882565,https://photos.zillowstatic.com/p_e/ISyjx6uswdxbov1000000000.jpg
38887231,https://photos.zillowstatic.com/p_e/ISmet2ssfslq5j1000000000.jpg
2087607995,https://photos.zillowstatic.com/p_e/ISijefitio6kda0000000000.jpg
2087616880,https://photos.zillowstatic.com/p_e/ISyvu4gq1buvbg0000000000.jpg
2093463620,https://photos.zillowstatic.com/p_e/ISeceza0cjbot30000000000.jpg
88855658,https://photos.zillowstatic.com/p_e/IS2nmj8bjjzmis0000000000.jpg
2111353976,https://photos.zillowstatic.com/p_e/ISirkpsbigoar11000000000.jpg
2087780530,https://photos.zillowstatic.com/p_e/ISe8zgfug7rno00000000000.jpg
2106871603,https://photos.zillowstatic.com/p_e/IS2fcunvhccpwm0000000000.jpg
2087818196,https://photos.zillowstatic.com/p_e/IS27uq28k5gazt1000000000.jpg
2085531179,https://photos.zillowstatic.com/p_e/ISmigbtmgkoyat1000000000.jpg
38900607,https://photos.zillowstatic.com/p_e/ISucdv84xi88tj0000000000.jpg
40.726715--74.030937,https://photos.zillowstatic.com/p_e/ISm2sda5beb0t90000000000.jpg
2085531634,https://photos.zillowstatic.com/p_e/ISqhyf9uwb8sdk0000000000.jpg
1001480168,https://photos.zillowstatic.com/p_e/IS6arpbvqnmbu40000000000.jpg
2085532046,https://photos.zillowstatic.com/p_e/ISq98yb58yjwo30000000000.jpg
2088336708,https://photos.zillowstatic.com/p_e/ISal60s8u71re90000000000.jpg
2091618546,https://photos.zillowstatic.com/p_e/IS6y5xdtetecsv1000000000.jpg
1008983844,https://photos.zillowstatic.com/p_e/ISesuemtoap9dq0000000000.jpg
2085532321,https://photos.zillowstatic.com/p_e/ISmiotw705d8ch0000000000.jpg
2085532593,https://photos.zillowstatic.com/p_e/ISmu9u4z00zhui1000000000.jpg
2100292618,https://photos.zillowstatic.com/p_e/ISadwi1y2kcod60000000000.jpg
2085533117,https://photos.zillowstatic.com/p_e/IS6m4cvjzqpklq1000000000.jpg
2085533537,https://photos.zillowstatic.com/p_e/ISat4o7y6pje8i1000000000.jpg
2085533671,https://photos.zillowstatic.com/p_e/ISmut9mqklkfoq0000000000.jpg
2085533786,https://photos.zillowstatic.com/p_e/ISyrzx2ud0x6nq1000000000.jpg
40.721218--74.03912,https://photos.zillowstatic.com/p_e/IS27uaqrup2fuf0000000000.jpg
1001540748,https://photos.zillowstatic.com/p_e/ISesafdjsi3ruq0000000000.jpg
1005274512,https://photos.zillowstatic.com/p_e/ISivjvjxbr9r2m0000000000.jpg
2099831379,https://photos.zillowstatic.com/p_e/ISqdngjcchqheq1000000000.jpg
2204893031,https://photos.zillowstatic.com/p_e/ISivfkoee0aow80000000000.jpg
1009457965,https://photos.zillowstatic.com/p_e/ISadocjp8gl3mx0000000000.jpg
2085535331,https://photos.zillowstatic.com/p_e/ISesuix8nb86ga1000000000.jpg
38893608,https://photos.zillowstatic.com/p_e/ISynww8elzzjda1000000000.jpg
40.723143--74.063851,https://photos.zillowstatic.com/p_e/ISqpsk33ix7ou80000000000.jpg
2204893029,https://photos.zillowstatic.com/p_e/IS6anqlo3pao4u0000000000.jpg
2090549627,https://photos.zillowstatic.com/p_e/ISindlprwvphu00000000000.jpg
2085536227,https://photos.zillowstatic.com/p_e/ISah7mm2p80p321000000000.jpg
1050589656,https://photos.zillowstatic.com/p_e/ISyn8an3x7a5340000000000.jpg
2091416770,https://photos.zillowstatic.com/p_e/IS6eip8758lbe70000000000.jpg
2085536868,https://photos.zillowstatic.com/p_e/ISuwwfp0r32apq0000000000.jpg
2006388415,https://photos.zillowstatic.com/p_e/IS2vkjlm4mkz4u1000000000.jpg
1150520769,https://photos.zillowstatic.com/p_e/IS6uu5ygnx14tv1000000000.jpg
1001577405,https://photos.zillowstatic.com/p_e/ISizmk0je59zgj1000000000.jpg
2006420026,https://photos.zillowstatic.com/p_e/ISax79t4awddl11000000000.jpg
40.729716--74.034788,https://photos.zillowstatic.com/p_e/ISql932awokr740000000000.jpg
1001472188,https://photos.zillowstatic.com/p_e/ISiv7u6pbghp551000000000.jpg
1103689125,https://photos.zillowstatic.com/p_e/IS62t14kyxtej51000000000.jpg
38901862,https://photos.zillowstatic.com/p_e/ISapdc5icfdipq0000000000.jpg
2090556844,https://photos.zillowstatic.com/p_e/ISapxvx4nymd640000000000.jpg
40.713393--74.095532,https://photos.zillowstatic.com/p_e/ISyzdiarphctmo1000000000.jpg
1142266407,https://photos.zillowstatic.com/p_e/ISy7kgjgczj8af1000000000.jpg
1009301487,https://photos.zillowstatic.com/p_e/ISecebcxf50hv90000000000.jpg
2006403088,https://photos.zillowstatic.com/p_e/ISynsx6awrt7a10000000000.jpg
1049983246,https://photos.zillowstatic.com/p_e/ISyfam7u048dho0000000000.jpg
1001914994,https://photos.zillowstatic.com/p_e/ISu0saxgdqqa4z0000000000.jpg
1001577404,https://photos.zillowstatic.com/p_e/ISi3aho68dreis0000000000.jpg
1049983955,https://photos.zillowstatic.com/p_e/ISy7gte2fc2ewe0000000000.jpg
1018294645,https://photos.zillowstatic.com/p_e/ISeo72m9dwnw5e0000000000.jpg
40.752184--74.044701,https://photos.zillowstatic.com/p_e/IS2rxa09fyyukc0000000000.jpg
1009727761,https://photos.zillowstatic.com/p_e/ISirgu13gp3cbq1000000000.jpg
1016917210,https://photos.zillowstatic.com/p_e/ISqpc0d018dj5k1000000000.jpg
2095178686,https://photos.zillowstatic.com/p_e/ISewxzn46272z80000000000.jpg
2085540829,https://photos.zillowstatic.com/p_e/ISadw29psqp5s41000000000.jpg
2114383166,https://photos.zillowstatic.com/p_e/ISmy4xuetny3531000000000.jpg
1150200546,https://photos.zillowstatic.com/p_e/ISint15vzw5cfd1000000000.jpg
2006380307,https://photos.zillowstatic.com/p_e/ISa1rayhhg0o611000000000.jpg
2085543197,None
2096112386,https://photos.zillowstatic.com/p_e/ISucldoifhn34i0000000000.jpg
38889876,https://photos.zillowstatic.com/p_e/ISq5hq4srk53bs1000000000.jpg
1037518139,https://photos.zillowstatic.com/p_e/IS27i1fbrl3fyf0000000000.jpg
1001477937,https://photos.zillowstatic.com/p_e/ISqp8xrmsmfd941000000000.jpg
2085544018,https://photos.zillowstatic.com/p_e/ISu0cep05f81xn1000000000.jpg
2006415246,https://photos.zillowstatic.com/p_e/ISy78bbxj7pvcq0000000000.jpg
38916805,https://photos.zillowstatic.com/p_e/ISmutx0ebtgm770000000000.jpg
1001522646,https://photos.zillowstatic.com/p_e/IS2z7g5ffv18nj0000000000.jpg
2085545016,https://photos.zillowstatic.com/p_e/ISesmgajfvazbe1000000000.jpg
2085545175,https://photos.zillowstatic.com/p_e/ISu4vn0c5g4hrh0000000000.jpg
2085545381,https://photos.zillowstatic.com/p_e/IS6uepmcyx8pfx1000000000.jpg
2284036239,https://photos.zillowstatic.com/p_e/ISatc2omyycp6n1000000000.jpg
2103935830,https://photos.zillowstatic.com/p_e/ISe0h50q7w2j2p1000000000.jpg
2107448176,https://photos.zillowstatic.com/p_e/IS6eeikovo20s60000000000.jpg
1150879966,https://photos.zillowstatic.com/p_e/ISmi46xwa7j9oq1000000000.jpg
1150965863,https://photos.zillowstatic.com/p_e/ISecacq18rtxmp0000000000.jpg
2086403513,https://photos.zillowstatic.com/p_e/ISatk4vzlgprdu0000000000.jpg
2097507008,https://photos.zillowstatic.com/p_e/ISuwss8h1gireh1000000000.jpg
2313888326,https://photos.zillowstatic.com/p_e/IS2j32znwp6p8f1000000000.jpg
1001481231,https://photos.zillowstatic.com/p_e/ISibotdgbnuwjj0000000000.jpg
1001440716,https://photos.zillowstatic.com/p_e/ISm6j1ua6xr0o70000000000.jpg
2006407100,https://photos.zillowstatic.com/p_e/ISu8isqu6rfgk10000000000.jpg
2085546674,https://photos.zillowstatic.com/p_e/ISuw8dv44vba2m1000000000.jpg
2093568770,https://photos.zillowstatic.com/p_e/IS668kztok1bqm1000000000.jpg
1037997436,https://photos.zillowstatic.com/p_e/ISir8096d0p5oa1000000000.jpg
1001580174,https://photos.zillowstatic.com/p_e/ISqh6ehdm6zf9e1000000000.jpg
2204891197,https://photos.zillowstatic.com/p_e/ISu0wl0qsix3zs0000000000.jpg
1001486038,https://photos.zillowstatic.com/p_e/ISa1jojdgdrc710000000000.jpg
40.734509--74.065362,https://photos.zillowstatic.com/p_e/ISyrfeidh29svs0000000000.jpg
1008615641,https://photos.zillowstatic.com/p_e/ISe8be9tttk3801000000000.jpg
1001440913,https://photos.zillowstatic.com/p_e/ISeg1ooyowo39q1000000000.jpg
1001471654,https://photos.zillowstatic.com/p_e/ISintd25vttu2s0000000000.jpg
2360194847,https://photos.zillowstatic.com/p_e/IS2bxf74jg8l1w0000000000.jpg
1001485905,https://photos.zillowstatic.com/p_e/ISmqejsk89b94l1000000000.jpg
1004181726,https://photos.zillowstatic.com/p_e/ISyv62u876d1xi1000000000.jpg
1004206578,https://photos.zillowstatic.com/p_e/ISu4zqdrlgwa8c1000000000.jpg
2006425799,https://photos.zillowstatic.com/p_e/IS6ee2o0byh5mr1000000000.jpg
2085664795,https://photos.zillowstatic.com/p_e/IS6mkgh86am5gp1000000000.jpg
1001673959,https://photos.zillowstatic.com/p_e/IS2j36eqvlym9a0000000000.jpg
2006398077,https://photos.zillowstatic.com/p_e/IS2b9l75cc0oot1000000000.jpg
2361364227,https://photos.zillowstatic.com/p_e/ISeg9qvfzg8cxx0000000000.jpg
2085549125,https://photos.zillowstatic.com/p_e/ISeo33451s8d3r0000000000.jpg
40.728357--74.032846,https://photos.zillowstatic.com/p_e/IS2voa14zgd3gk0000000000.jpg
2102641943,https://photos.zillowstatic.com/p_e/ISqh27h90ynpkk0000000000.jpg
2093596567,https://photos.zillowstatic.com/p_e/ISirg207ofka2u1000000000.jpg
38908941,https://photos.zillowstatic.com/p_e/ISq900wf8loq5b0000000000.jpg
2094968785,https://photos.zillowstatic.com/p_e/ISyjldrd8uc4x01000000000.jpg
108633432,https://photos.zillowstatic.com/p_e/ISyj5tox86jf8t0000000000.jpg
2137103070,https://photos.zillowstatic.com/p_e/ISala39br1xhvs0000000000.jpg
2099267524,https://photos.zillowstatic.com/p_e/ISqpsgc3hgk4go1000000000.jpg
2006387319,https://photos.zillowstatic.com/p_e/IS6itcdcktves00000000000.jpg
2085549941,None
1001550198,https://photos.zillowstatic.com/p_e/ISadga4qqx3hbx0000000000.jpg
1001479835,https://photos.zillowstatic.com/p_e/ISynwgcq48htgo1000000000.jpg
1001476414,https://photos.zillowstatic.com/p_e/ISqt3ktwj7so0x1000000000.jpg
1001539892,https://photos.zillowstatic.com/p_e/ISqp03bbqbay400000000000.jpg
2347466576,https://photos.zillowstatic.com/p_e/IS6av0btq5iqza0000000000.jpg
38908116,https://photos.zillowstatic.com/p_e/IS2jvf00j8kayy0000000000.jpg
40.719844--74.035942,https://photos.zillowstatic.com/p_e/ISyva1clhuwqql0000000000.jpg
2085552293,https://photos.zillowstatic.com/p_e/IS62x88nylcerh0000000000.jpg
1010275944,https://photos.zillowstatic.com/p_e/ISmysbemzattty0000000000.jpg
2085553311,https://photos.zillowstatic.com/p_e/ISa13snmngugvr0000000000.jpg
2106511298,https://photos.zillowstatic.com/p_e/IS6u6jcaavskn50000000000.jpg
2102582981,https://photos.zillowstatic.com/p_e/ISyr7ogg3twern1000000000.jpg
2085553758,https://photos.zillowstatic.com/p_e/ISyn04dpjvqbqc0000000000.jpg
40.723935--74.067745,https://photos.zillowstatic.com/p_e/ISecyini8suawb0000000000.jpg
40.718668--74.039101,https://photos.zillowstatic.com/p_e/ISekk9lmeq3pd71000000000.jpg
1001568759,https://photos.zillowstatic.com/p_e/ISqxiqz2tmkfhe1000000000.jpg
1150454651,https://photos.zillowstatic.com/p_e/ISmaq5l1lrisfs0000000000.jpg
2117888761,https://photos.zillowstatic.com/p_e/ISy3xrle78lhc01000000000.jpg
2353552654,https://photos.zillowstatic.com/p_e/ISu4rgoqd2cx470000000000.jpg
2370138743,None
2085556096,https://photos.zillowstatic.com/p_e/ISijia5nq2vaj10000000000.jpg
2085556587,None
2085556953,https://photos.zillowstatic.com/p_e/ISyfq66nj0e2o11000000000.jpg
162068535,https://photos.zillowstatic.com/p_e/ISyn47qgtw96jx0000000000.jpg
2096264719,https://photos.zillowstatic.com/p_e/ISeo3jcuaghz9j1000000000.jpg
2090503350,https://photos.zillowstatic.com/p_e/ISmaapptnnmizv1000000000.jpg
2085557535,https://photos.zillowstatic.com/p_e/ISqt34p2df9vbi1000000000.jpg
1001551354,https://photos.zillowstatic.com/p_e/ISqldykk6vuan10000000000.jpg
1151014935,https://photos.zillowstatic.com/p_e/ISuoukxtdolqat0000000000.jpg
2133265162,https://photos.zillowstatic.com/p_e/ISek84hqe7ypnf0000000000.jpg
2098243196,https://photos.zillowstatic.com/p_e/ISmep3iu1bptuj1000000000.jpg
2085558222,https://photos.zillowstatic.com/p_e/ISa561g6ghu7gj0000000000.jpg
2085558391,https://photos.zillowstatic.com/p_e/ISegpuhki80auv0000000000.jpg
1003141919,https://photos.zillowstatic.com/p_e/ISa56t59t06yxp0000000000.jpg
1001816121,https://photos.zillowstatic.com/p_e/ISyb3aq1h5kw310000000000.jpg
1001614114,https://photos.zillowstatic.com/p_e/ISy3d8llavs3l51000000000.jpg
2085559128,https://photos.zillowstatic.com/p_e/ISirowgiudyyyq1000000000.jpg
40.727393--74.043816,https://photos.zillowstatic.com/p_e/ISivj752ry24lq1000000000.jpg
2085559535,https://photos.zillowstatic.com/p_e/ISa9dtpne5rym81000000000.jpg
1042398187,https://photos.zillowstatic.com/p_e/ISah331u3pvn4b0000000000.jpg
2006393032,https://photos.zillowstatic.com/p_e/ISijagghjfldww1000000000.jpg
2085561187,https://photos.zillowstatic.com/p_e/ISynct88nkxas60000000000.jpg
2095494519,https://photos.zillowstatic.com/p_e/ISyfmvev156d2e0000000000.jpg
2085564315,https://photos.zillowstatic.com/p_e/ISinx0vd8ih2qe1000000000.jpg
2102624581,https://photos.zillowstatic.com/p_e/IS2333vr0ifv100000000000.jpg
38888288,https://photos.zillowstatic.com/p_e/ISqpodrpozcequ0000000000.jpg
2099348554,https://photos.zillowstatic.com/p_e/IS6y5x108v8z4w0000000000.jpg
1011858984,None
2204889902,https://photos.zillowstatic.com/p_e/ISmqm5f3igk7591000000000.jpg
1001485661,https://photos.zillowstatic.com/p_e/ISapp5kyl36v1q1000000000.jpg
2087809826,https://photos.zillowstatic.com/p_e/ISm20cic31vin10000000000.jpg
1001482828,https://photos.zillowstatic.com/p_e/ISus50c9x4iy380000000000.jpg
40.730397--74.071335,https://photos.zillowstatic.com/p_e/ISad49bdkg07wa0000000000.jpg
2088768672,https://photos.zillowstatic.com/p_e/IS6uetlq7zo0nd1000000000.jpg
1001472797,https://photos.zillowstatic.com/p_e/ISq90gwyvzx2dm0000000000.jpg
1002075766,https://photos.zillowstatic.com/p_e/ISmmbmxu6n1qva1000000000.jpg
1001680773,https://photos.zillowstatic.com/p_e/IS2bluum8fd7u31000000000.jpg
2090568158,https://photos.zillowstatic.com/p_e/ISeo7i6g8uvxf20000000000.jpg
2085568131,https://photos.zillowstatic.com/p_e/ISql54cnkug1430000000000.jpg
2085568286,https://photos.zillowstatic.com/p_e/ISqd39sa4zq8151000000000.jpg
1003039620,https://photos.zillowstatic.com/p_e/ISm2c5d16ipy2g0000000000.jpg
2085568535,https://photos.zillowstatic.com/p_e/ISyb7l9740bg140000000000.jpg
2085568548,https://photos.zillowstatic.com/p_e/ISadgunmkmglpo1000000000.jpg
2085568554,https://photos.zillowstatic.com/p_e/ISyvybkhcxvkzi1000000000.jpg
2085568624,https://photos.zillowstatic.com/p_e/ISma6idgyi7n8v0000000000.jpg
1014770107,https://photos.zillowstatic.com/p_e/ISyrn01x4evjxm0000000000.jpg
2362777265,https://photos.zillowstatic.com/p_e/ISqp072bjuhg6h0000000000.jpg
2108283363,https://photos.zillowstatic.com/p_e/ISe0hx9k7vx4mj1000000000.jpg
2092338563,https://photos.zillowstatic.com/p_e/ISes2dm2dphfk31000000000.jpg
2359303624,https://photos.zillowstatic.com/p_e/IS2rt30l9nei1r0000000000.jpg
2085569024,https://photos.zillowstatic.com/p_e/ISi32zk1l0z5x90000000000.jpg
2085569163,https://photos.zillowstatic.com/p_e/ISind16fqs3dpb1000000000.jpg
2100141225,https://photos.zillowstatic.com/p_e/ISy7w9ut0gjllj1000000000.jpg
2085569378,https://photos.zillowstatic.com/p_e/ISmepb49i7eajj1000000000.jpg
2106641241,https://photos.zillowstatic.com/p_e/ISu8aq7c7j65de0000000000.jpg
40.723374--74.048257,https://photos.zillowstatic.com/p_e/ISqpku121rz0hv1000000000.jpg
1042501172,https://photos.zillowstatic.com/p_e/IS6ids2uxfiyus0000000000.jpg
2297889027,https://photos.zillowstatic.com/p_e/ISap175tccugsh1000000000.jpg
2090547715,https://photos.zillowstatic.com/p_e/ISmaq9om6seew91000000000.jpg
2089328563,https://photos.zillowstatic.com/p_e/ISuw03msxefore0000000000.jpg
2085570800,https://photos.zillowstatic.com/p_e/ISeon21ib5cxhc1000000000.jpg
2087734091,https://photos.zillowstatic.com/p_e/ISuoyvw76vewpb0000000000.jpg
2087734091,https://photos.zillowstatic.com/p_e/ISuoyvw76vewpb0000000000.jpg
2087692367,https://photos.zillowstatic.com/p_e/ISmi8t9tvseyg00000000000.jpg
2093585890,https://photos.zillowstatic.com/p_e/ISa1buasj68n2q0000000000.jpg
1043566899,https://photos.zillowstatic.com/p_e/ISa5m56eglt73u1000000000.jpg
2091617829,https://photos.zillowstatic.com/p_e/ISmu5rj9v8hmaf1000000000.jpg
1001442905,https://photos.zillowstatic.com/p_e/IS2neta98mhcr01000000000.jpg
2085574809,https://photos.zillowstatic.com/p_e/ISyz58hrv9c8au0000000000.jpg
38897513,https://photos.zillowstatic.com/p_e/ISmamigflvvf860000000000.jpg
2085575055,https://photos.zillowstatic.com/p_e/ISugoqvwoo6sxm0000000000.jpg
2085575073,https://photos.zillowstatic.com/p_e/ISm2c55bsnx06i0000000000.jpg
2085575091,https://photos.zillowstatic.com/p_e/ISij2igw9aue1d0000000000.jpg
1010237981,https://photos.zillowstatic.com/p_e/ISm2goidb1r49e1000000000.jpg
2085575223,https://photos.zillowstatic.com/p_e/IS6u24uybnppzu0000000000.jpg
40.711149--74.065428,https://photos.zillowstatic.com/p_e/ISewli66mbt7fj0000000000.jpg
1049983225,https://photos.zillowstatic.com/p_e/ISewh7brrlzxb51000000000.jpg
2092139980,https://photos.zillowstatic.com/p_e/ISq5xyhwz9fakj1000000000.jpg
2085575785,https://photos.zillowstatic.com/p_e/IS2btsuvkivrw10000000000.jpg
2085575796,https://photos.zillowstatic.com/p_e/IS2jnx8c174nlf0000000000.jpg
2085576067,https://photos.zillowstatic.com/p_e/ISaxvn4e8aksnx0000000000.jpg
2097366118,https://photos.zillowstatic.com/p_e/ISmi0rys3dhroj0000000000.jpg
2085576186,https://photos.zillowstatic.com/p_e/ISu00t8s6cf2gm1000000000.jpg
2089939571,https://photos.zillowstatic.com/p_e/ISesiddckdzazo0000000000.jpg
2088801054,https://photos.zillowstatic.com/p_e/ISqxq8b25198jf1000000000.jpg
2088003142,https://photos.zillowstatic.com/p_e/ISm6ficd0m7rkh1000000000.jpg
2085576762,https://photos.zillowstatic.com/p_e/IS2z7ks3d3xz471000000000.jpg
2090924378,https://photos.zillowstatic.com/p_e/ISahbl4vfg2c950000000000.jpg
2006394830,https://photos.zillowstatic.com/p_e/ISibgfdsq9ijxu1000000000.jpg
2090730514,https://photos.zillowstatic.com/p_e/ISmmflj6fqxvjo0000000000.jpg
2087138296,https://photos.zillowstatic.com/p_e/IS66sz05tutfst0000000000.jpg
2085578306,https://photos.zillowstatic.com/p_e/IS6q3ez8xh8zh61000000000.jpg
2108896497,https://photos.zillowstatic.com/p_e/ISuc9c34x7v5c21000000000.jpg
2110052756,https://photos.zillowstatic.com/p_e/ISu4r8ehpwt6zn1000000000.jpg
2006393038,https://photos.zillowstatic.com/p_e/ISmaiz2xpx9pzr0000000000.jpg
1136653210,https://photos.zillowstatic.com/p_e/ISiboh02mfde9n1000000000.jpg
40.714741--74.043447,https://photos.zillowstatic.com/p_e/ISy74sdzeu8nwk0000000000.jpg
1004437846,https://photos.zillowstatic.com/p_e/IS6mk01lw8ya6h0000000000.jpg
40.744643--74.05647,https://photos.zillowstatic.com/p_e/ISqxyqqsokmxv90000000000.jpg
1010464410,https://photos.zillowstatic.com/p_e/IS6q71s94or7mo1000000000.jpg
2106927482,https://photos.zillowstatic.com/p_e/IS23nq60gzvi2n1000000000.jpg
1049983518,https://photos.zillowstatic.com/p_e/ISegx4jy4cw3mi0000000000.jpg
2085580993,https://photos.zillowstatic.com/p_e/ISizazffxz3q3g1000000000.jpg
1001723928,https://photos.zillowstatic.com/p_e/ISat8nx8trvs3g1000000000.jpg
2085581214,None
1004197483,https://photos.zillowstatic.com/p_e/ISy3pxwsv2q2h90000000000.jpg
2087402607,https://photos.zillowstatic.com/p_e/ISeofkpmqohowe1000000000.jpg
2085581804,https://photos.zillowstatic.com/p_e/ISq59ohupz0q3q0000000000.jpg
108634958,None
2085581974,https://photos.zillowstatic.com/p_e/ISu0wlguy42th81000000000.jpg
2186859139,https://photos.zillowstatic.com/p_e/ISu4fbcciq7ltd0000000000.jpg
1106555282,https://photos.zillowstatic.com/p_e/ISesarmaplay031000000000.jpg
2085583195,https://photos.zillowstatic.com/p_e/IS2bla7vf52i0t0000000000.jpg
2092894679,https://photos.zillowstatic.com/p_e/ISmauc12jtkomr1000000000.jpg
2085583595,https://photos.zillowstatic.com/p_e/ISes6wbyi3b2390000000000.jpg
2085583673,https://photos.zillowstatic.com/p_e/ISqpo9svacsfej1000000000.jpg
2092388157,https://photos.zillowstatic.com/p_e/ISy31rnigxw4ot0000000000.jpg
2096781298,https://photos.zillowstatic.com/p_e/ISa9ddl986a7sd0000000000.jpg
2088185349,https://photos.zillowstatic.com/p_e/ISyf2876kr5fv51000000000.jpg
2085592194,https://photos.zillowstatic.com/p_e/ISybn9r9m4p0a51000000000.jpg
2097637291,https://photos.zillowstatic.com/p_e/ISirwuc07sy9p00000000000.jpg
2085585965,https://photos.zillowstatic.com/p_e/IS62ttx9ghmrih1000000000.jpg
1004259185,https://photos.zillowstatic.com/p_e/ISqpgf3aj8lolj0000000000.jpg
1150822161,https://photos.zillowstatic.com/p_e/ISy78bfsmlbp2f0000000000.jpg
2092346529,https://photos.zillowstatic.com/p_e/ISi32v578j0kjs1000000000.jpg
2094702388,https://photos.zillowstatic.com/p_e/ISat0twdu0hskx0000000000.jpg
2085585291,https://photos.zillowstatic.com/p_e/ISyztemyl8t5dc0000000000.jpg
2085585837,https://photos.zillowstatic.com/p_e/ISqpckshsr0s2n1000000000.jpg
2085586203,https://photos.zillowstatic.com/p_e/ISu86fshjch0o71000000000.jpg
2085586335,https://photos.zillowstatic.com/p_e/ISadc7j4wzo9dq0000000000.jpg
2085586362,https://photos.zillowstatic.com/p_e/IS62hs8k2xx3ei0000000000.jpg
2085586420,https://photos.zillowstatic.com/p_e/ISapphp2qfgyov1000000000.jpg
2085586445,https://photos.zillowstatic.com/p_e/IS2fwleyxrum0q1000000000.jpg
38897481,https://photos.zillowstatic.com/p_e/ISmikabjqbc73e1000000000.jpg
2085586507,https://photos.zillowstatic.com/p_e/ISmi0jkge3u5b21000000000.jpg
2095304941,https://photos.zillowstatic.com/p_e/ISapd8ajtnjart0000000000.jpg
40.736102--74.040202,https://photos.zillowstatic.com/p_e/ISa9lzbz1li5vj0000000000.jpg
38893924,https://photos.zillowstatic.com/p_e/IS621oyc19wgmp1000000000.jpg
2085587730,https://photos.zillowstatic.com/p_e/ISi7pz342utk8l0000000000.jpg
38910039,https://photos.zillowstatic.com/p_e/ISqxur806hye5d0000000000.jpg
2087821793,https://photos.zillowstatic.com/p_e/ISecujxvgbg9ab1000000000.jpg
40.74084--74.045534,https://photos.zillowstatic.com/p_e/IS6y9g3l9cx78h1000000000.jpg
2092745290,https://photos.zillowstatic.com/p_e/ISuoad29wcqxtp1000000000.jpg
2096865166,https://photos.zillowstatic.com/p_e/IS660mnn2s98dc1000000000.jpg
40.721907--74.08232,https://photos.zillowstatic.com/p_e/ISqt34pmcixll91000000000.jpg
40.735589--74.068914,https://photos.zillowstatic.com/p_e/ISirsjdugetqnl0000000000.jpg
2095528212,https://photos.zillowstatic.com/p_e/ISaluu39axwmux1000000000.jpg
2085592473,https://photos.zillowstatic.com/p_e/ISe87nhaee3jfe0000000000.jpg
2085593246,https://photos.zillowstatic.com/p_e/ISq9sd17txf8n90000000000.jpg
2112455671,https://photos.zillowstatic.com/p_e/ISmqeryy5oe9231000000000.jpg
2085594111,https://photos.zillowstatic.com/p_e/ISeci6fnnr3stz0000000000.jpg
2085594829,https://photos.zillowstatic.com/p_e/IS2jjmxck9xf310000000000.jpg
2085594921,https://photos.zillowstatic.com/p_e/ISa9pidoiyuneb1000000000.jpg
2085595292,https://photos.zillowstatic.com/p_e/ISewto0c6jd4el0000000000.jpg
2006382026,https://photos.zillowstatic.com/p_e/ISu0k825zvkri41000000000.jpg
40.7208--74.0466,https://photos.zillowstatic.com/p_e/ISyvegmmqflno50000000000.jpg
2095056998,https://photos.zillowstatic.com/p_e/ISin1g14ihrj4n1000000000.jpg
162090102,https://photos.zillowstatic.com/p_e/IS6e60xjr5upa50000000000.jpg
2085598900,https://photos.zillowstatic.com/p_e/ISiz6wmfelvczi0000000000.jpg
40.718139--74.050336,https://photos.zillowstatic.com/p_e/IS6af8ijggh5mr0000000000.jpg
2006381675,https://photos.zillowstatic.com/p_e/ISewdkmdxrl16t0000000000.jpg
2104979397,https://photos.zillowstatic.com/p_e/ISy3hnjxjmxy761000000000.jpg
2087105203,https://photos.zillowstatic.com/p_e/ISa9pazfojrnft0000000000.jpg
2088887583,https://photos.zillowstatic.com/p_e/ISuw42cnzkayey0000000000.jpg
2085603717,https://photos.zillowstatic.com/p_e/ISe8nzh7j5npms1000000000.jpg
2099264648,https://photos.zillowstatic.com/p_e/IS2v8edjg0lsca0000000000.jpg
2085604811,https://photos.zillowstatic.com/p_e/ISal6s1bor3qb81000000000.jpg
38915832,https://photos.zillowstatic.com/p_e/IS2fonigtjwjdk0000000000.jpg
2349114291,https://photos.zillowstatic.com/p_e/ISmiwbwpmuimpp1000000000.jpg
2106921459,https://photos.zillowstatic.com/p_e/ISaxv3905p37ft1000000000.jpg
38894095,https://photos.zillowstatic.com/p_e/IS668o23xwaw0j1000000000.jpg
2085609145,https://photos.zillowstatic.com/p_e/ISe0198eh2vlwj1000000000.jpg
2085609181,https://photos.zillowstatic.com/p_e/ISizmorijxi7ob1000000000.jpg
2085609334,https://photos.zillowstatic.com/p_e/ISe44ed9gwc3da1000000000.jpg
2085609636,https://photos.zillowstatic.com/p_e/ISi7xts5ydqjvu1000000000.jpg
2085609838,https://photos.zillowstatic.com/p_e/ISado4xiey04hi0000000000.jpg
2085609859,https://photos.zillowstatic.com/p_e/ISql9f7ah58s0a0000000000.jpg
2085609905,https://photos.zillowstatic.com/p_e/IS6q3mh0homyuv1000000000.jpg
2085609929,https://photos.zillowstatic.com/p_e/ISyzhddlkc902a1000000000.jpg
2085610303,None
2085610506,https://photos.zillowstatic.com/p_e/ISqlpn42lgn11o0000000000.jpg
2085610527,https://photos.zillowstatic.com/p_e/ISukfu7jo9nh9i0000000000.jpg
2085610547,https://photos.zillowstatic.com/p_e/ISmy8g8xcecue90000000000.jpg
2085610575,https://photos.zillowstatic.com/p_e/ISa1n7li58jiko1000000000.jpg
2085610988,https://photos.zillowstatic.com/p_e/ISibohowxdlgcp1000000000.jpg
2087690793,https://photos.zillowstatic.com/p_e/ISe0p3cwlmf2iz0000000000.jpg
2085611254,https://photos.zillowstatic.com/p_e/IS233jjpfijdc41000000000.jpg
2085611283,https://photos.zillowstatic.com/p_e/ISq9cdif9cr9mv0000000000.jpg
2093979905,https://photos.zillowstatic.com/p_e/IS2jb810jpmcw01000000000.jpg
2085611400,https://photos.zillowstatic.com/p_e/ISmmn76pcuin8t1000000000.jpg
2085611476,https://photos.zillowstatic.com/p_e/IS6ar9ro7782j11000000000.jpg
2085611618,https://photos.zillowstatic.com/p_e/ISyzdac71yfkzf1000000000.jpg
2085611656,https://photos.zillowstatic.com/p_e/IS2jfzsenn2qa81000000000.jpg
2085611684,https://photos.zillowstatic.com/p_e/ISi7lcjpxw97hy0000000000.jpg
2085611727,https://photos.zillowstatic.com/p_e/ISekk9hf2vmkvf0000000000.jpg
2085612130,https://photos.zillowstatic.com/p_e/ISa9p2t5ur11ux0000000000.jpg
2085612865,https://photos.zillowstatic.com/p_e/IS629q9hsa58h41000000000.jpg
2085612903,https://photos.zillowstatic.com/p_e/IS2fwtobhog0xm0000000000.jpg
2094631645,https://photos.zillowstatic.com/p_e/ISeko8v8vlwtky0000000000.jpg
2085614135,None
2085616283,https://photos.zillowstatic.com/p_e/ISibop6cwjrgmm0000000000.jpg
38910100,https://photos.zillowstatic.com/p_e/ISe8nnsjy5c7vl1000000000.jpg
40.72229--74.072971,https://photos.zillowstatic.com/p_e/ISqlxd20p7a1ii0000000000.jpg
1049984810,https://photos.zillowstatic.com/p_e/ISmyc3xuqw9snc0000000000.jpg
2085619064,https://photos.zillowstatic.com/p_e/ISeghg9uals2u91000000000.jpg
2127064363,https://photos.zillowstatic.com/p_e/ISu863bglphwlg0000000000.jpg
108636462,https://photos.zillowstatic.com/p_e/ISewppqp5ixhea0000000000.jpg
2085701027,https://photos.zillowstatic.com/p_e/ISustqcyxgepuc1000000000.jpg
2086493076,https://photos.zillowstatic.com/p_e/ISmig3nsysnayg0000000000.jpg
2094413035,https://photos.zillowstatic.com/p_e/ISqtbmcf3n8u4h0000000000.jpg
2006423257,https://photos.zillowstatic.com/p_e/ISyzxd4vn11dst1000000000.jpg
2085640616,https://photos.zillowstatic.com/p_e/ISmmnz3mml9u7c1000000000.jpg
40.728916--74.045895,https://photos.zillowstatic.com/p_e/ISifvpqmysyo6x1000000000.jpg
2085626061,https://photos.zillowstatic.com/p_e/ISircbgyxi2eih0000000000.jpg
2085626126,https://photos.zillowstatic.com/p_e/ISyjx2jpf4unco1000000000.jpg
2085626161,https://photos.zillowstatic.com/p_e/ISqxymbmy23dae1000000000.jpg
2085626305,https://photos.zillowstatic.com/p_e/ISm6ve8cndlmhp0000000000.jpg
2085626318,https://photos.zillowstatic.com/p_e/ISizqjqphq7v6n0000000000.jpg
2085626340,https://photos.zillowstatic.com/p_e/ISus97oq14r5y10000000000.jpg
2085626352,https://photos.zillowstatic.com/p_e/IS2vwc4utz1ken1000000000.jpg
2085626355,https://photos.zillowstatic.com/p_e/ISuk3ty92arlem1000000000.jpg
2085626364,https://photos.zillowstatic.com/p_e/ISesmguisaz1gj1000000000.jpg
2085626368,https://photos.zillowstatic.com/p_e/IS6ani7wti5iud1000000000.jpg
2085626370,https://photos.zillowstatic.com/p_e/ISme9rxhrzgaub1000000000.jpg
2085626392,https://photos.zillowstatic.com/p_e/IS2zbbo5ictnyd1000000000.jpg
2085626407,https://photos.zillowstatic.com/p_e/ISqdj97vngpfd61000000000.jpg
2085626433,https://photos.zillowstatic.com/p_e/ISuk7kub3kdrq11000000000.jpg
2085626444,https://photos.zillowstatic.com/p_e/ISeo334df6laew0000000000.jpg
2085626455,https://photos.zillowstatic.com/p_e/IS6it4jjf87a9o0000000000.jpg
2085626470,https://photos.zillowstatic.com/p_e/ISu00lmp3m0t4l0000000000.jpg
40.716254--74.041517,https://photos.zillowstatic.com/p_e/ISq9043o2bq9xi1000000000.jpg
38906358,https://photos.zillowstatic.com/p_e/IS6eqrzjpio2tj0000000000.jpg
2091491325,https://photos.zillowstatic.com/p_e/IS2jzilxy4khad1000000000.jpg
2099695235,https://photos.zillowstatic.com/p_e/ISatkkjl7qfudc1000000000.jpg
116167513,None
2101329143,https://photos.zillowstatic.com/p_e/ISmmvtk5703gb91000000000.jpg
2085629357,https://photos.zillowstatic.com/p_e/ISe054r0ldvngy0000000000.jpg
2085629439,https://photos.zillowstatic.com/p_e/IS2fg1g5nz229j0000000000.jpg
2085629461,https://photos.zillowstatic.com/p_e/ISy35qlj4987pd0000000000.jpg
2006423257,https://photos.zillowstatic.com/p_e/ISuoyf8ypvjk7d0000000000.jpg
2085629526,https://photos.zillowstatic.com/p_e/IS66wm5nx1ra140000000000.jpg
1004301784,https://photos.zillowstatic.com/p_e/ISir0an5jmu2oh1000000000.jpg
2085630012,https://photos.zillowstatic.com/p_e/ISmet63shp4txi1000000000.jpg
2085630044,https://photos.zillowstatic.com/p_e/ISyrrr0yvuke3d1000000000.jpg
2085630103,https://photos.zillowstatic.com/p_e/IS6y1uk55qvoez0000000000.jpg
2085630147,https://photos.zillowstatic.com/p_e/ISijmhtxpehl9j0000000000.jpg
38897970,None
2101773354,https://photos.zillowstatic.com/p_e/ISyztq7fip667i1000000000.jpg
1049984720,https://photos.zillowstatic.com/p_e/IS2b5y2341uduw0000000000.jpg
2085632353,https://photos.zillowstatic.com/p_e/IS23jfrhdzd8km0000000000.jpg
38909788,https://photos.zillowstatic.com/p_e/IS276snifqy0en0000000000.jpg
2085632391,https://photos.zillowstatic.com/p_e/IS6qbga5yxws280000000000.jpg
2085632464,https://photos.zillowstatic.com/p_e/IS23jv3en9581k1000000000.jpg
40.726209--74.061832,https://photos.zillowstatic.com/p_e/ISalm0796wu9gg1000000000.jpg
2085632520,https://photos.zillowstatic.com/p_e/ISi7pbp07u6pnc1000000000.jpg
2089360276,https://photos.zillowstatic.com/p_e/IS6ydn3l0ckfyy0000000000.jpg
2088061469,https://photos.zillowstatic.com/p_e/IS2v86ntoy7fy81000000000.jpg
2086296844,https://photos.zillowstatic.com/p_e/ISe0h93rln9ugu1000000000.jpg
1004235429,https://photos.zillowstatic.com/p_e/ISuougi7jc3mo10000000000.jpg
40.731545--74.055198,https://photos.zillowstatic.com/p_e/IS6msi03bu1yel1000000000.jpg
2085633743,https://photos.zillowstatic.com/p_e/ISa9hkd78tgz1u1000000000.jpg
2085633805,https://photos.zillowstatic.com/p_e/ISat0pdwklco8m1000000000.jpg
2085633828,https://photos.zillowstatic.com/p_e/ISiz2x0cc8u30g1000000000.jpg
2085633873,https://photos.zillowstatic.com/p_e/ISu0sivsryr8h21000000000.jpg
2085634046,https://photos.zillowstatic.com/p_e/ISmutpunc3g0zu1000000000.jpg
2085634034,https://photos.zillowstatic.com/p_e/ISe8vl0jorg1j00000000000.jpg
2085634092,https://photos.zillowstatic.com/p_e/ISyj51r4ys5tqq1000000000.jpg
2085634070,https://photos.zillowstatic.com/p_e/ISyzdu36elz9jt1000000000.jpg
2085634215,https://photos.zillowstatic.com/p_e/ISu4zeo7ck2q2g1000000000.jpg
2085634239,https://photos.zillowstatic.com/p_e/ISq12426sz1u3m0000000000.jpg
2085634438,https://photos.zillowstatic.com/p_e/ISucxa2hpy7x3c0000000000.jpg
2085634529,https://photos.zillowstatic.com/p_e/IS6u2kio84fby41000000000.jpg
2085634555,https://photos.zillowstatic.com/p_e/ISa5qk42r5r16b0000000000.jpg
2085634636,https://photos.zillowstatic.com/p_e/ISqdfath3tujmk1000000000.jpg
38894963,https://photos.zillowstatic.com/p_e/ISmqefhpxxowhe1000000000.jpg
2085634703,https://photos.zillowstatic.com/p_e/ISq1qqvmeumn061000000000.jpg
2085634755,https://photos.zillowstatic.com/p_e/ISqtfh7jk7pp7n0000000000.jpg
2085635231,https://photos.zillowstatic.com/p_e/ISahbl8ul1aq9g1000000000.jpg
2085635295,https://photos.zillowstatic.com/p_e/IS6m4szlktp8f21000000000.jpg
1001694569,https://photos.zillowstatic.com/p_e/ISegp6r7s425w30000000000.jpg
2085636375,https://photos.zillowstatic.com/p_e/ISes6wz0lfmyag1000000000.jpg
2085636431,https://photos.zillowstatic.com/p_e/ISynchbq14dq0t0000000000.jpg
2085636415,https://photos.zillowstatic.com/p_e/IS6m0lf2h197vv0000000000.jpg
2085636458,https://photos.zillowstatic.com/p_e/ISec6lyik3evcn0000000000.jpg
2085636504,https://photos.zillowstatic.com/p_e/ISatc6j1qhs7g60000000000.jpg
2085636558,https://photos.zillowstatic.com/p_e/ISmqa4y3e92m3k1000000000.jpg
2085636573,https://photos.zillowstatic.com/p_e/ISe01tnzbxduih1000000000.jpg
2085636659,https://photos.zillowstatic.com/p_e/IS6an2bswvidlj0000000000.jpg
2085636700,https://photos.zillowstatic.com/p_e/ISalqjc9upq5j40000000000.jpg
1001883581,https://photos.zillowstatic.com/p_e/ISiv3nao62pef51000000000.jpg
2355442310,https://photos.zillowstatic.com/p_e/IS6qnhvruzza8h0000000000.jpg
2006411381,https://photos.zillowstatic.com/p_e/ISmyo4qvzdcj9h0000000000.jpg
2085638975,https://photos.zillowstatic.com/p_e/IS2fk0emvbve9i0000000000.jpg
1001673956,https://photos.zillowstatic.com/p_e/ISqpso2d8dbfoi0000000000.jpg
1002110858,https://photos.zillowstatic.com/p_e/ISq90cpq5jgwkg0000000000.jpg
1150943796,https://photos.zillowstatic.com/p_e/ISi3yz6k1b8zkg0000000000.jpg
2085639295,https://photos.zillowstatic.com/p_e/ISe0tm9aftnkon0000000000.jpg
2091771143,https://photos.zillowstatic.com/p_e/ISucdf4qmokn981000000000.jpg
2113057883,https://photos.zillowstatic.com/p_e/ISifjc86v5sjtz0000000000.jpg
1002936323,https://photos.zillowstatic.com/p_e/ISi32nbqgal58h1000000000.jpg
1001577402,https://photos.zillowstatic.com/p_e/ISifzg6kxb7e6x0000000000.jpg
2108515366,https://photos.zillowstatic.com/p_e/IS6eqrznwoihmn1000000000.jpg
2100604454,https://photos.zillowstatic.com/p_e/ISyvahcgm0iowg0000000000.jpg
2085644720,https://photos.zillowstatic.com/p_e/ISivv4z0kl7ptu1000000000.jpg
2109135148,https://photos.zillowstatic.com/p_e/IS2bl29fuc5jtz0000000000.jpg
2086185449,https://photos.zillowstatic.com/p_e/ISahzzjrmxqrc71000000000.jpg
2086099898,https://photos.zillowstatic.com/p_e/ISadkxsvmjahtc0000000000.jpg
2086099658,https://photos.zillowstatic.com/p_e/IS2z3l6sghed690000000000.jpg
2086099169,https://photos.zillowstatic.com/p_e/IS6ydj4j0q78q10000000000.jpg
2098356292,https://photos.zillowstatic.com/p_e/ISa9dpegeuq32y1000000000.jpg
108629548,https://photos.zillowstatic.com/p_e/ISq90c18rsr4fe1000000000.jpg
38897007,https://photos.zillowstatic.com/p_e/ISyn8eiudoz1gj1000000000.jpg
2087055867,https://photos.zillowstatic.com/p_e/IS664xa4lnpy430000000000.jpg
2006372006,https://photos.zillowstatic.com/p_e/IS2fkk5t2ebhix0000000000.jpg
38905260,https://photos.zillowstatic.com/p_e/ISeo3r207us0i20000000000.jpg
2086254175,https://photos.zillowstatic.com/p_e/ISirsrbehvbctv1000000000.jpg
2097556586,https://photos.zillowstatic.com/p_e/IS6mcyhqz8umo21000000000.jpg
2367155708,https://photos.zillowstatic.com/p_e/ISq51y776wjzcm1000000000.jpg
2085649438,https://photos.zillowstatic.com/p_e/ISirwivuhtvlpr1000000000.jpg
88858770,https://photos.zillowstatic.com/p_e/ISir4pl5vh9iui0000000000.jpg
1001738466,https://photos.zillowstatic.com/p_e/ISes2lkasldwwd0000000000.jpg
40.723342--74.072621,https://photos.zillowstatic.com/p_e/ISib46mf3k6o0e0000000000.jpg
40.716436--74.078767,https://photos.zillowstatic.com/p_e/IS2n2cd23xlp4n0000000000.jpg
2085650358,https://photos.zillowstatic.com/p_e/IS27y5hkkipl2m0000000000.jpg
2085650769,https://photos.zillowstatic.com/p_e/ISukvuulfd2tb31000000000.jpg
1002141462,None
2085531915,None
2131246899,https://photos.zillowstatic.com/p_e/ISivznsvb1rc1o0000000000.jpg
2100022149,https://photos.zillowstatic.com/p_e/IS27yhajwxsbha1000000000.jpg
38944578,https://photos.zillowstatic.com/p_e/ISmmzo77p1ln3o1000000000.jpg
2006210913,https://photos.zillowstatic.com/p_e/ISif7zdoavics01000000000.jpg
2085543809,https://photos.zillowstatic.com/p_e/ISmikmohvqms1l1000000000.jpg
1037291148,https://photos.zillowstatic.com/p_e/ISe8j438k8zgy41000000000.jpg
2085547780,https://photos.zillowstatic.com/p_e/ISyrf64hosvgsu1000000000.jpg
2085549135,https://photos.zillowstatic.com/p_e/ISqtbaz0a40kgk0000000000.jpg
38940747,https://photos.zillowstatic.com/p_e/ISush97hrt9b2k0000000000.jpg
38942468,https://photos.zillowstatic.com/p_e/IS6uayuhdm0fgw1000000000.jpg
2119258699,https://photos.zillowstatic.com/p_e/ISaxnpkpuby6vv1000000000.jpg
2085560427,https://photos.zillowstatic.com/p_e/ISqhekrf6a52ot0000000000.jpg
38940046,https://photos.zillowstatic.com/p_e/ISyzt60k1vtyqv0000000000.jpg
40.756095--74.043357,https://photos.zillowstatic.com/p_e/IS6mk4gvtqx6c31000000000.jpg
2085580483,https://photos.zillowstatic.com/p_e/ISmq61tu30by781000000000.jpg
2085582195,https://photos.zillowstatic.com/p_e/ISmutpimzmpnpv0000000000.jpg
1001621415,https://photos.zillowstatic.com/p_e/IS6avwb34yabzm1000000000.jpg
1001584548,https://photos.zillowstatic.com/p_e/IS6uudkvvf32de1000000000.jpg
40.777528--74.030353,https://photos.zillowstatic.com/p_e/ISew9581dvzfc60000000000.jpg
2092371304,https://photos.zillowstatic.com/p_e/IS2v08nwdgcbrj0000000000.jpg
40.76496--74.040971,https://photos.zillowstatic.com/p_e/ISahvsr9ruhzej0000000000.jpg
2178921585,https://photos.zillowstatic.com/p_e/ISad8k29tz7mjm0000000000.jpg
40.770461--74.0348,https://photos.zillowstatic.com/p_e/IS62h8p787u7ah1000000000.jpg
2097479173,https://photos.zillowstatic.com/p_e/ISmquzzx585vfa1000000000.jpg
2085605973,https://photos.zillowstatic.com/p_e/ISa5u7dvi9c8d40000000000.jpg
1013732509,https://photos.zillowstatic.com/p_e/ISe4kyftax1rkj1000000000.jpg
2089046533,https://photos.zillowstatic.com/p_e/IS27yp8fyh6kin1000000000.jpg
38944407,https://photos.zillowstatic.com/p_e/ISizq7h6rngsds0000000000.jpg
2100643942,https://photos.zillowstatic.com/p_e/ISqxagu94a5jbu1000000000.jpg
2095780425,https://photos.zillowstatic.com/p_e/ISus9zh0vf6jq60000000000.jpg
2099196157,https://photos.zillowstatic.com/p_e/ISu0su0ptf1bez0000000000.jpg
1050005305,None
2085611702,https://photos.zillowstatic.com/p_e/ISe0xddundeof60000000000.jpg
2087742315,https://photos.zillowstatic.com/p_e/ISec260rijqrmh1000000000.jpg
2085623841,https://photos.zillowstatic.com/p_e/ISeovsq56u2rot0000000000.jpg
2103004903,https://photos.zillowstatic.com/p_e/ISahrx09bi2y6d1000000000.jpg
2085627831,https://photos.zillowstatic.com/p_e/ISahzn6ljol52f1000000000.jpg
40.7681--74.0323,https://photos.zillowstatic.com/p_e/IS2jnlvh7nosii1000000000.jpg
2092676749,https://photos.zillowstatic.com/p_e/ISyjtv2pddrf3j0000000000.jpg
1002220794,https://photos.zillowstatic.com/p_e/ISmmbmhqw5af330000000000.jpg
2141857412,https://photos.zillowstatic.com/p_e/ISal2dnekkic7y0000000000.jpg
38941797,https://photos.zillowstatic.com/p_e/ISu04ozci6dl1m1000000000.jpg
2085666654,https://photos.zillowstatic.com/p_e/ISi3ynt9rji6d01000000000.jpg
2085666739,https://photos.zillowstatic.com/p_e/ISu4fzqnbilldj0000000000.jpg
1050593215,https://photos.zillowstatic.com/p_e/ISm2spnnjxrxzm0000000000.jpg
2006217272,https://photos.zillowstatic.com/p_e/ISqxiitsac0m740000000000.jpg
1103060079,https://photos.zillowstatic.com/p_e/ISijmx5ao8erfe0000000000.jpg
2085685110,https://photos.zillowstatic.com/p_e/ISqh2vzfofed9r0000000000.jpg
2086802982,https://photos.zillowstatic.com/p_e/IS62h8pfq0e3xx1000000000.jpg
40.776457--74.019498,https://photos.zillowstatic.com/p_e/ISyr7oo22fajme0000000000.jpg
40.775861--74.020113,https://photos.zillowstatic.com/p_e/ISma6afseadu3k1000000000.jpg
2085704854,https://photos.zillowstatic.com/p_e/IS2f8jscspj0ox1000000000.jpg
2102456514,https://photos.zillowstatic.com/p_e/IS2j7dil9l37t50000000000.jpg
2095050862,https://photos.zillowstatic.com/p_e/ISijyy6dcbdbqz0000000000.jpg
2085716451,https://photos.zillowstatic.com/p_e/ISql5orkws5uso0000000000.jpg
1001587889,https://photos.zillowstatic.com/p_e/ISuctvjpe2hc4b1000000000.jpg
2085722764,https://photos.zillowstatic.com/p_e/ISalmo1pht1d5j0000000000.jpg
2104802470,https://photos.zillowstatic.com/p_e/ISq5pcb6rwmgku1000000000.jpg
2094934815,https://photos.zillowstatic.com/p_e/ISecqs98c4m9v51000000000.jpg
2104241985,https://photos.zillowstatic.com/p_e/ISm67gx1d7c0sz0000000000.jpg
38940713,https://photos.zillowstatic.com/p_e/IS2f8zs3a7vqg61000000000.jpg
2006215684,https://photos.zillowstatic.com/p_e/ISewdo5vyoihl20000000000.jpg
2103299624,https://photos.zillowstatic.com/p_e/ISa99aoipeu3qi1000000000.jpg
2085746113,https://photos.zillowstatic.com/p_e/ISqdvm5sed9eph0000000000.jpg
2085755133,https://photos.zillowstatic.com/p_e/IS2jf7nf2opi3e0000000000.jpg
40.770602--74.025687,https://photos.zillowstatic.com/p_e/IS27msadg2fbxh1000000000.jpg
2181568889,https://photos.zillowstatic.com/p_e/ISibwjre6sj5ku1000000000.jpg
2100895381,https://photos.zillowstatic.com/p_e/ISi3u4gfit6yb01000000000.jpg
2106096421,https://photos.zillowstatic.com/p_e/IS6eitfb0azr750000000000.jpg
2006213197,https://photos.zillowstatic.com/p_e/ISqxuzqvo3y1h61000000000.jpg
2085785493,https://photos.zillowstatic.com/p_e/IS2fwdosdb810y0000000000.jpg
1004149510,https://photos.zillowstatic.com/p_e/ISqxuzeenrbzw80000000000.jpg
2006208864,https://photos.zillowstatic.com/p_e/IS62x025mwbkon1000000000.jpg
2089913677,https://photos.zillowstatic.com/p_e/ISaxbojqd38ld61000000000.jpg
2085815064,https://photos.zillowstatic.com/p_e/ISyrfmkgr22mpm1000000000.jpg
2086099885,None
2108755429,https://photos.zillowstatic.com/p_e/ISadszf1fcafxv1000000000.jpg
2100301990,https://photos.zillowstatic.com/p_e/IS2fw5m1tch1v01000000000.jpg
2085833098,https://photos.zillowstatic.com/p_e/ISmaq5d74cxdic1000000000.jpg
116168384,https://photos.zillowstatic.com/p_e/ISahf425mup3xf1000000000.jpg
1001577411,https://photos.zillowstatic.com/p_e/ISijmh5nt76u6c0000000000.jpg
2087714465,https://photos.zillowstatic.com/p_e/ISyjhuhum66u8m0000000000.jpg
2141268197,https://photos.zillowstatic.com/p_e/ISmaq5djhkzfvy0000000000.jpg
2098098603,https://photos.zillowstatic.com/p_e/ISe8fhqv291afo1000000000.jpg
2127306668,https://photos.zillowstatic.com/p_e/ISu0k0kpwsodho0000000000.jpg
2085853262,https://photos.zillowstatic.com/p_e/ISahvogq9omtv31000000000.jpg
2085853404,https://photos.zillowstatic.com/p_e/ISa1f5i8ryipqx1000000000.jpg
2101285401,https://photos.zillowstatic.com/p_e/ISegh40rgoe0ef1000000000.jpg
40.774785--74.020634,https://photos.zillowstatic.com/p_e/ISibg345li179b1000000000.jpg
2124501325,https://photos.zillowstatic.com/p_e/IS6m01ci3ebdr61000000000.jpg
38942398,https://photos.zillowstatic.com/p_e/IS6afgkyr11bec1000000000.jpg
2095216757,https://photos.zillowstatic.com/p_e/ISij6t7k8mhqee0000000000.jpg
2085887039,https://photos.zillowstatic.com/p_e/ISa5qwljxzosl51000000000.jpg
2085892257,https://photos.zillowstatic.com/p_e/ISadwyl8l6y35g1000000000.jpg
2085892673,None
38940425,https://photos.zillowstatic.com/p_e/ISesa7fbl6ff930000000000.jpg
40.759464--74.040651,https://photos.zillowstatic.com/p_e/ISahvkd9biaj3x1000000000.jpg
38940152,https://photos.zillowstatic.com/p_e/IS2fwpl25raoto1000000000.jpg
2085913089,https://photos.zillowstatic.com/p_e/ISmi8hs37ju20k0000000000.jpg
2097211807,https://photos.zillowstatic.com/p_e/ISe0tas0j6rxlp0000000000.jpg
2092902169,https://photos.zillowstatic.com/p_e/IS621g4offfovg0000000000.jpg
40.777689--74.027821,https://photos.zillowstatic.com/p_e/ISy3lya1bf1u2z0000000000.jpg
40.755547--74.038748,https://photos.zillowstatic.com/p_e/ISa526pdi8j5ww0000000000.jpg
2085924264,https://photos.zillowstatic.com/p_e/ISmaa1baorsj8a1000000000.jpg
2085927732,https://photos.zillowstatic.com/p_e/ISmedab46jnfh30000000000.jpg
2091925702,None
2085943440,https://photos.zillowstatic.com/p_e/IS2zrj9chs0hvz0000000000.jpg
2086905612,https://photos.zillowstatic.com/p_e/ISm20405nsq7nr1000000000.jpg
2094008385,https://photos.zillowstatic.com/p_e/IS27yp0trn6jy10000000000.jpg
40.769642--74.024014,https://photos.zillowstatic.com/p_e/ISyve8000s7nzf1000000000.jpg
38942034,https://photos.zillowstatic.com/p_e/ISe4kijdw0broe1000000000.jpg
2088878453,https://photos.zillowstatic.com/p_e/ISadkh8p7ujrrj0000000000.jpg
2086001436,https://photos.zillowstatic.com/p_e/ISirk9oxbzqah10000000000.jpg
2086026270,https://photos.zillowstatic.com/p_e/ISmioppn4g0grg0000000000.jpg
71544108,None
38939950,https://photos.zillowstatic.com/p_e/ISyrb3b5cl29vx1000000000.jpg
2086057820,None
2086471805,https://photos.zillowstatic.com/p_e/ISaxfvfvtuv2qu1000000000.jpg
92208315,https://photos.zillowstatic.com/p_e/ISa9hsz9jxec3o1000000000.jpg
2086092039,https://photos.zillowstatic.com/p_e/IS2n243tiaitjy0000000000.jpg
40.755141--74.037397,https://photos.zillowstatic.com/p_e/ISqt3wmfzsbh150000000000.jpg
2105360215,https://photos.zillowstatic.com/p_e/IS6ylxoynxq1nl0000000000.jpg
38927953,https://photos.zillowstatic.com/p_e/ISme58omk3hibe1000000000.jpg
38944201,https://photos.zillowstatic.com/p_e/ISi79z4owyqam60000000000.jpg
2095458472,https://photos.zillowstatic.com/p_e/ISukjdxuqxfxl40000000000.jpg
2092344452,https://photos.zillowstatic.com/p_e/ISij2aa6v5qz2u0000000000.jpg
2092214393,https://photos.zillowstatic.com/p_e/ISuoma0ra6ls001000000000.jpg
2115633437,https://photos.zillowstatic.com/p_e/ISqxezbz7q4c3d0000000000.jpg
2086206423,https://photos.zillowstatic.com/p_e/ISap1vnn7fwcj30000000000.jpg
2094846536,https://photos.zillowstatic.com/p_e/ISq5tzj7dr45nz0000000000.jpg
2086213967,https://photos.zillowstatic.com/p_e/ISa5ieasjpp2lu1000000000.jpg
2006212313,https://photos.zillowstatic.com/p_e/ISapl2v5rtupvf1000000000.jpg
2086236738,None
2086241965,https://photos.zillowstatic.com/p_e/ISifjotyosl27u0000000000.jpg
2086273877,https://photos.zillowstatic.com/p_e/ISesu2xprwv0lf0000000000.jpg
2092138701,https://photos.zillowstatic.com/p_e/ISmigrxs4q2jor1000000000.jpg
2086313684,https://photos.zillowstatic.com/p_e/ISy7kssnpffp8s0000000000.jpg
2100882202,https://photos.zillowstatic.com/p_e/ISeojbtu9t48b21000000000.jpg
2110537627,https://photos.zillowstatic.com/p_e/ISuch64rd3vos10000000000.jpg
72247270,https://photos.zillowstatic.com/p_e/IS6m0py3y7je0v0000000000.jpg
2091409188,https://photos.zillowstatic.com/p_e/IS2naq9jvgpl0m1000000000.jpg
2086385153,https://photos.zillowstatic.com/p_e/ISush1hj5px2cp0000000000.jpg
2086394970,https://photos.zillowstatic.com/p_e/ISqltyrq94it3j0000000000.jpg
2099270951,https://photos.zillowstatic.com/p_e/IS62ljswbrho8h1000000000.jpg
2086407163,https://photos.zillowstatic.com/p_e/IS6itknlwpazvt1000000000.jpg
2086417779,https://photos.zillowstatic.com/p_e/ISalea1tyhsd121000000000.jpg
2086446339,https://photos.zillowstatic.com/p_e/ISm63hzgdzufc60000000000.jpg
2121518631,https://photos.zillowstatic.com/p_e/ISqtruhxku2tgo1000000000.jpg
2087498555,https://photos.zillowstatic.com/p_e/ISij6xm285faor1000000000.jpg
2087991403,https://photos.zillowstatic.com/p_e/ISmmzcuk51vwre1000000000.jpg
2086502740,https://photos.zillowstatic.com/p_e/ISq1yw94hjs5qp1000000000.jpg
2006208283,https://photos.zillowstatic.com/p_e/ISm63phwnqd5vy0000000000.jpg
2086504251,https://photos.zillowstatic.com/p_e/ISuwgv2luwf5mh1000000000.jpg
2100318768,https://photos.zillowstatic.com/p_e/IS6ypcny7bhcun0000000000.jpg
2105932138,https://photos.zillowstatic.com/p_e/ISecujl2qhgcsd1000000000.jpg
38941742,https://photos.zillowstatic.com/p_e/ISme97mjly8rtb0000000000.jpg
2086545657,https://photos.zillowstatic.com/p_e/ISync9diq67sck0000000000.jpg
2086551429,https://photos.zillowstatic.com/p_e/ISewtsva1yja590000000000.jpg
2086556266,https://photos.zillowstatic.com/p_e/IS2b1bqqawmz340000000000.jpg
2222899200,https://photos.zillowstatic.com/p_e/ISqp4itm0n24oi0000000000.jpg
40.761973--74.031417,https://photos.zillowstatic.com/p_e/ISm6fi0kp44gsw1000000000.jpg
2097496006,https://photos.zillowstatic.com/p_e/ISizihnzii22z31000000000.jpg
2086598973,https://photos.zillowstatic.com/p_e/ISqp03zhrds9bo1000000000.jpg
2086637954,https://photos.zillowstatic.com/p_e/IS2j7hhr4ywq3r0000000000.jpg
2086668963,https://photos.zillowstatic.com/p_e/ISq94rb51mtw6c1000000000.jpg
2086742488,https://photos.zillowstatic.com/p_e/ISat4ojvgiwlne0000000000.jpg
2006211769,https://photos.zillowstatic.com/p_e/ISmqqsj1bllfdw1000000000.jpg
2086738141,https://photos.zillowstatic.com/p_e/ISq5t3745oazmb0000000000.jpg
40.7682--74.0323,https://photos.zillowstatic.com/p_e/ISy3lurf2w0q4l0000000000.jpg
2086882050,https://photos.zillowstatic.com/p_e/ISin9mjcchq4341000000000.jpg
2102985348,https://photos.zillowstatic.com/p_e/ISukr3v8f9j8251000000000.jpg
2095266639,https://photos.zillowstatic.com/p_e/ISa5q87k53j4gj1000000000.jpg
2086883876,https://photos.zillowstatic.com/p_e/IS2jzmw4b150wh1000000000.jpg
2094236715,https://photos.zillowstatic.com/p_e/ISi3mihzqohds11000000000.jpg
2086931414,https://photos.zillowstatic.com/p_e/ISmqasc3apl03i0000000000.jpg
2111693208,https://photos.zillowstatic.com/p_e/ISq59k2c2q2ted0000000000.jpg
2090012588,https://photos.zillowstatic.com/p_e/IS2721c8tdc9cd0000000000.jpg
38940033,https://photos.zillowstatic.com/p_e/ISa52iywwdghqx0000000000.jpg
1105887958,https://photos.zillowstatic.com/p_e/ISqxu7dqps51y71000000000.jpg
2096327332,https://photos.zillowstatic.com/p_e/ISin57lc4huju40000000000.jpg
2091212115,https://photos.zillowstatic.com/p_e/IS6abhqsms9deg0000000000.jpg
2088200466,https://photos.zillowstatic.com/p_e/ISizazf3kze4zt1000000000.jpg
2092333707,https://photos.zillowstatic.com/p_e/ISq9w0evratxda0000000000.jpg
2087489667,https://photos.zillowstatic.com/p_e/IS6itgg11b36mf1000000000.jpg
2099372460,https://photos.zillowstatic.com/p_e/IS6e6wpv8kdxvz0000000000.jpg
2087627958,https://photos.zillowstatic.com/p_e/IS6i17qc3lg0qh0000000000.jpg
2099554145,https://photos.zillowstatic.com/p_e/ISql9rofqtt7990000000000.jpg
2101709901,None
2087830747,https://photos.zillowstatic.com/p_e/IS2jb4yelnsurz0000000000.jpg
2087884904,https://photos.zillowstatic.com/p_e/ISinttiky2ob1q0000000000.jpg
2089120721,https://photos.zillowstatic.com/p_e/IS6itw4nyjajpx1000000000.jpg
2092327713,https://photos.zillowstatic.com/p_e/IS27qr47ol6yux1000000000.jpg
2091207308,https://photos.zillowstatic.com/p_e/ISe838nlt4r7190000000000.jpg
